ID,Count
18288,481.364572
18289,384.1541122
18290,325.1127012
18291,268.6290101
18292,226.1058496
18293,202.4020319
18294,217.6371453
18295,252.401604
18296,290.6561954
18297,375.5913112
18298,533.1092105
18299,591.0214608
18300,597.2831694
18301,528.2503983
18302,564.8283573
18303,557.6941156
18304,543.459849
18305,556.1201342
18306,569.8069289
18307,604.6227131
18308,581.0215464
18309,542.3221342
18310,544.2896109
18311,531.4240239
18312,366.1616546
18313,292.216157
18314,247.3048735
18315,204.3391818
18316,171.9929068
18317,153.9620221
18318,165.5509812
18319,191.9954112
18320,221.0946954
18321,285.7026544
18322,405.5224708
18323,449.5748308
18324,454.3379515
18325,401.8264973
18326,429.6504103
18327,424.223576
18328,413.3959354
18329,423.0262889
18330,433.4374818
18331,459.9209537
18332,441.968153
18333,412.530505
18334,414.027114
18335,404.2405927
18336,360.5625463
18337,287.7477756
18338,243.5232466
18339,201.2145586
18340,169.362902
18341,151.607734
18342,163.0194822
18343,189.059541
18344,217.7138576
18345,281.3338733
18346,399.3214822
18347,442.7002219
18348,447.3905081
18349,395.6820252
18350,423.0804729
18351,417.7366222
18352,407.0745509
18353,416.5576432
18354,426.8096348
18355,452.8881386
18356,435.2098605
18357,406.2223541
18358,407.6960779
18359,398.0592057
18360,509.5772488
18361,406.6693043
18362,344.1674886
18363,284.3733001
18364,239.3578661
18365,214.2647726
18366,230.3928129
18367,267.1948092
18368,307.6914942
18369,397.6046393
18370,564.3546298
18371,625.661105
18372,632.289811
18373,559.2110436
18374,597.9328292
18375,590.380451
18376,575.3119171
18377,588.7142189
18378,603.2031938
18379,640.0595238
18380,615.0750977
18381,574.107521
18382,576.1903112
18383,562.5706747
18384,503.3544417
18385,401.7031786
18386,339.9646167
18387,280.9006172
18388,236.4348984
18389,211.6482344
18390,227.5793237
18391,263.931905
18392,303.9340563
18393,392.7492087
18394,557.4628973
18395,618.020716
18396,624.5684742
18397,552.3821232
18398,590.6310497
18399,583.1708989
18400,568.2863775
18401,581.5250143
18402,595.8370542
18403,632.2433056
18404,607.5639819
18405,567.0966892
18406,569.1540449
18407,555.7007274
18408,518.6564516
18409,413.9149831
18410,350.2995646
18411,289.4400154
18412,243.6225357
18413,218.0823554
18414,234.4977509
18415,271.9554532
18416,313.1736727
18417,404.6888118
18418,574.4098081
18419,636.8085886
18420,643.5553991
18421,569.174578
18422,608.5862746
18423,600.8993347
18424,585.5623227
18425,599.2034151
18426,613.9505419
18427,651.4635459
18428,626.033969
18429,584.3364678
18430,586.4563673
18431,572.5940681
18432,502.5510789
18433,401.0620531
18434,339.422027
18435,280.4522948
18436,236.057544
18437,211.31044
18438,227.216103
18439,263.5106649
18440,303.4489721
18441,392.1223738
18442,556.5731765
18443,617.0343438
18444,623.5716517
18445,551.5005114
18446,589.6883919
18447,582.2401477
18448,567.3793822
18449,580.5968899
18450,594.8860875
18451,631.2342339
18452,606.5942988
18453,566.1915926
18454,568.2456648
18455,554.813819
18456,489.865161
18457,390.9380269
18458,330.8539826
18459,273.3728257
18460,230.0987336
18461,205.9763217
18462,221.4804774
18463,256.8588541
18464,295.788997
18465,382.2240123
18466,542.5235765
18467,601.45852
18468,607.8308063
18469,537.5789608
18470,574.8028631
18471,567.5426352
18472,553.0570007
18473,565.9408583
18474,579.8693531
18475,615.2999616
18476,591.2820135
18477,551.8991945
18478,553.9014156
18479,540.8086306
18480,374.6623681
18481,299.000171
18482,253.046239
18483,209.083067
18484,175.9858493
18485,157.5363643
18486,169.3943696
18487,196.4527266
18488,226.2275722
18489,292.3354527
18490,414.9369747
18491,460.0120428
18492,464.8857429
18493,411.1551964
18494,439.6250622
18495,434.0722399
18496,422.9932276
18497,432.8471568
18498,443.5000533
18499,470.5983586
18500,452.2287703
18501,422.1077056
18502,423.6390595
18503,413.6253368
18504,369.0631468
18505,294.5316996
18506,249.2645358
18507,205.9583807
18508,173.3557915
18509,155.1820287
18510,166.8628195
18511,193.5167972
18512,222.8466662
18513,287.9665835
18514,408.7358611
18515,453.1372952
18516,457.9381593
18517,405.0106004
18518,433.0549922
18519,427.5851553
18520,416.6717156
18521,426.3783807
18522,436.8720727
18523,463.5654016
18524,445.4703415
18525,415.7994275
18526,417.3078957
18527,407.4438252
18528,518.0779518
18529,413.45331
18530,349.908847
18531,289.1171794
18532,243.3508036
18533,217.8391104
18534,234.2361965
18535,271.6521191
18536,312.8243646
18537,404.2374295
18538,573.7691221
18539,636.0983041
18540,642.8375894
18541,568.5397313
18542,607.9074688
18543,600.2291028
18544,584.9091974
18545,598.5350748
18546,613.2657529
18547,650.7369156
18548,625.3357024
18549,583.6847098
18550,585.8022448
18551,571.9554073
18552,511.8550517
18553,408.4871102
18554,345.7059123
18555,285.6444447
18556,240.4277923
18557,215.222533
18558,231.4226654
18559,268.3891661
18560,309.0668707
18561,399.3819263
18562,566.8772868
18563,628.457801
18564,635.1161373
18565,561.7107089
18566,600.6055803
18567,593.019443
18568,577.883553
18569,591.3457629
18570,605.8995033
18571,642.9205806
18572,617.8244744
18573,576.6737733
18574,578.7658735
18575,565.0853575
18576,527.157146
18577,420.6989819
18578,356.0409171
18579,294.1838899
18580,247.6154692
18581,221.6566895
18582,238.3411307
18583,276.4127585
18584,318.306538
18585,411.3215952
18586,583.8242908
18587,647.2457771
18588,654.1031668
18589,578.5032562
18590,618.560904
18591,610.7479764
18592,595.1595934
18593,609.024261
18594,624.0130909
18595,662.1409268
18596,636.2945633
18597,593.9136469
18598,596.0682912
18599,581.9787911
18600,511.0516968
18601,407.8459909
18602,345.1633279
18603,285.1961266
18604,240.0504416
18605,214.8847419
18606,231.0594482
18607,267.9679302
18608,308.5817912
18609,398.7550976
18610,565.9875746
18611,627.4714385
18612,634.1193245
18613,560.8291057
18614,599.6629316
18615,592.0887009
18616,576.9765665
18617,590.4176475
18618,604.9485459
18619,641.9115188
18620,616.8548008
18621,575.7686856
18622,577.8575022
18623,564.1984577
18624,498.3658482
18625,397.7220201
18626,336.5953303
18627,278.1166963
18628,234.0916637
18629,209.5506528
18630,225.323854
18631,261.3161558
18632,300.921858
18633,388.8567902
18634,551.9380514
18635,611.8956998
18636,618.3785652
18637,546.9076313
18638,584.7774842
18639,577.3912688
18640,562.6542633
18641,575.761696
18642,589.9318936
18643,625.9773337
18644,601.5425992
18645,561.4763656
18646,563.5133315
18647,550.1933458
18648,383.1629924
18649,305.784114
18650,258.7875443
18651,213.8269024
18652,179.9787499
18653,161.110669
18654,173.2377178
18655,200.9099953
18656,231.3603952
18657,298.9681815
18658,424.3513799
18659,470.4491454
18660,475.4334237
18661,420.4837978
18662,449.5996095
18663,443.9208006
18664,432.5904193
18665,442.6679219
18666,453.5625193
18667,481.2756516
18668,462.4892801
18669,431.6848058
18670,433.2509042
18671,423.0099826
18672,377.5638283
18673,301.3156881
18674,255.0058796
18675,210.702248
18676,177.3487189
18677,158.7563574
18678,170.7061935
18679,197.9740958
18680,227.9795237
18681,294.5993568
18682,418.1503295
18683,463.5744679
18684,468.485911
18685,414.3392644
18686,443.0296065
18687,437.4337821
18688,426.2689717
18689,436.1992117
18690,446.9346063
18691,474.2427663
18692,455.7309202
18693,425.376592
18694,426.919805
18695,416.828534
18696,526.5785815
18697,420.2372572
18698,355.6501558
18699,293.8610178
18700,247.3437068
18701,221.4134173
18702,238.079547
18703,276.1093906
18704,317.9571908
18705,410.8701624
18706,583.1835332
18707,646.5354133
18708,653.3852768
18709,577.8683385
18710,617.8820223
18711,610.0776696
18712,594.5063951
18713,608.355846
18714,623.3282253
18715,661.4142153
18716,635.5962186
18717,593.261816
18718,595.4140956
18719,581.340059
18720,520.3557284
18721,415.2710949
18722,351.4472529
18723,290.3883093
18724,244.4207175
18725,218.7968597
18726,235.2660371
18727,272.8464622
18728,314.1997252
18729,406.0146959
18730,576.2917499
18731,638.8949678
18732,645.663883
18733,571.0393676
18734,610.5801889
18735,602.8680643
18736,587.4808036
18737,601.1665883
18738,615.9620313
18739,653.5979393
18740,628.0850473
18741,586.2509324
18742,588.3777773
18743,574.470061
18744,535.65778
18745,427.4829326
18746,361.7822289
18747,298.9277308
18748,251.6083743
18749,225.2309982
18750,242.1844832
18751,280.8700323
18752,323.4393668
18753,417.9543316
18754,593.2387068
18755,657.6828916
18756,664.6508596
18757,587.8318682
18758,628.5354627
18759,620.5965483
18760,604.756796
18761,618.8450373
18762,634.0755684
18763,672.818232
18764,646.5550848
18765,603.4907581
18766,605.6801469
18767,591.3634476
18768,519.5523695
18769,414.6299725
18770,350.9046658
18771,289.939989
18772,244.0433649
18773,218.4590669
18774,234.9028182
18775,272.4252242
18776,313.7146434
18777,405.3878641
18778,575.4020333
18779,637.9086004
18780,644.6670653
18781,570.1577601
18782,609.6375357
18783,601.9373175
18784,586.5738127
18785,600.2384684
18786,615.0110692
18787,652.5888724
18788,627.115369
18789,585.3458402
18790,587.4694016
18791,573.5831569
18792,506.8664859
18793,404.5059736
18794,342.3366446
18795,282.8605391
18796,238.0845706
18797,213.1249631
18798,229.1672081
18799,265.7734314
18800,306.054689
18801,395.4895294
18802,561.3524713
18803,622.3328187
18804,628.9262625
18805,556.2362472
18806,594.7520471
18807,587.2398448
18808,572.2514699
18809,585.5824764
18810,599.9943754
18811,636.6546433
18812,611.8031251
18813,571.0534808
18814,573.1251913
18815,559.5780063
18816,391.6636619
18817,312.568093
18818,264.52888
18819,218.570763
18820,183.9716717
18821,164.6849926
18822,177.0810862
18823,205.3672876
18824,236.4932454
18825,305.6009454
18826,433.7658351
18827,480.8863033
18828,485.9811605
18829,429.8124487
18830,459.5742097
18831,453.7694135
18832,442.1876618
18833,452.488739
18834,463.6250388
18835,491.9530012
18836,472.7498443
18837,441.2619568
18838,442.8627999
18839,432.3946782
18840,386.0644689
18841,308.099644
18842,260.7471958
18843,215.4460925
18844,181.3416271
18845,162.3306689
18846,174.5495489
18847,202.431373
18848,233.1123565
18849,301.2320983
18850,427.5647527
18851,474.0115905
18852,479.0336119
18853,423.6678836
18854,453.0041729
18855,447.2823615
18856,435.8661816
18857,446.0199955
18858,456.9970916
18859,484.9200797
18860,465.9914497
18861,434.9537105
18862,436.5316681
18863,426.2131978
18864,535.0792483
18865,427.021234
18866,361.3914897
18867,298.6048769
18868,251.3366273
18869,224.9877398
18870,241.9229143
18871,280.5666815
18872,323.0900394
18873,417.5029243
18874,592.5979854
18875,656.9725679
18876,663.9330103
18877,587.1969864
18878,627.8566194
18879,619.9262794
18880,604.1036345
18881,618.17666
18882,633.3907415
18883,672.0915615
18884,645.8567796
18885,602.838964
18886,605.0259882
18887,590.7247516
18888,528.8563714
18889,422.0550527
18890,357.1885707
18891,295.1321551
18892,248.4136268
18893,222.3711722
18894,239.1093937
18895,277.3037407
18896,319.3325595
18897,412.6474392
18898,585.7061758
18899,649.3320934
18900,656.211587
18901,580.3679895
18902,620.5547581
18903,612.7166466
18904,597.0780163
18905,610.9873749
18906,626.0245194
18907,664.2752557
18908,638.3455797
18909,595.8280537
18910,597.9896432
18911,583.8547274
18912,544.1584446
18913,434.2669077
18914,367.5235613
18915,303.6715886
18916,255.6012938
18917,228.8053198
18918,246.0278495
18919,285.327322
18920,328.5722141
18921,424.5870917
18922,602.6531565
18923,668.1200436
18924,675.1985903
18925,597.1605137
18926,638.5100572
18927,630.4451556
18928,614.3540329
18929,628.6658487
18930,644.138082
18931,683.4955754
18932,656.8156432
18933,613.0679035
18934,615.2920371
18935,600.7481378
18936,528.0530145
18937,421.4139319
18938,356.6459851
18939,294.6838359
18940,248.0362752
18941,222.0333803
18942,238.7461756
18943,276.8825037
18944,318.8474788
18945,412.020609
18946,584.8164615
18947,648.3457284
18948,655.2147717
18949,579.4863841
18950,619.6121072
18951,611.7859021
18952,596.1710276
18953,610.0592573
18954,625.0735597
18955,663.2661914
18956,637.3759037
18957,594.9229638
18958,597.0812697
18959,582.9678255
18960,515.3671486
18961,411.2899472
18962,348.0779757
18963,287.6043959
18964,242.0774892
18965,216.6992839
18966,233.0105736
18967,270.2307202
18968,311.1875351
18969,402.1222881
18970,570.7669191
18971,632.7699685
18972,639.4739909
18973,565.5648907
18974,604.7266395
18975,597.0884499
18976,581.8487049
18977,595.4032858
18978,610.0568869
18979,647.3319845
18980,622.0636812
18981,580.6306243
18982,582.7370794
18983,568.9626944
18984,400.1643085
18985,319.3520537
18986,270.2702003
18987,223.3146108
18988,187.9645828
18989,168.2593067
18990,180.9244444
18991,209.824568
18992,241.6260818
18993,312.2336916
18994,443.180265
18995,491.3234334
18996,496.528869
18997,439.1410745
18998,469.5487832
18999,463.618
19000,451.7848786
19001,462.3095298
19002,473.6875312
19003,502.6303222
19004,483.0103811
19005,450.8390822
19006,452.4746699
19007,441.7793486
19008,394.5651301
19009,314.8836164
19010,266.488526
19011,220.1899485
19012,185.3345451
19013,165.9049891
19014,178.3929137
19015,206.888661
19016,238.2452017
19017,307.8648559
19018,436.9791988
19019,484.4487384
19020,489.5813385
19021,432.9965255
19022,462.9787635
19023,457.1309649
19024,445.4634149
19025,455.8408031
19026,467.0596013
19027,495.597419
19028,476.252004
19029,444.5308523
19030,446.1435545
19031,435.5978843
19032,543.5798963
19033,433.8051959
19034,367.132811
19035,303.3487255
19036,255.329539
19037,228.5620544
19038,245.7662731
19039,285.0239626
19040,328.2228767
19041,424.1356715
19042,602.0124168
19043,667.4096996
19044,674.4807204
19045,596.5256138
19046,637.8311944
19047,629.7748674
19048,613.7008529
19049,627.9974524
19050,643.4532356
19051,682.7688842
19052,656.117318
19053,612.4160909
19054,614.6378597
19055,600.1094235
19056,537.3570314
19057,428.8390242
19058,362.9299001
19059,299.8760104
19060,252.4065442
19061,225.9454919
19062,242.9527579
19063,281.761028
19064,324.465404
19065,419.2801958
19066,595.1206205
19067,659.7692398
19068,666.759312
19069,589.69663
19070,630.5293473
19071,622.5652485
19072,606.6752482
19073,620.8081812
19074,636.0870277
19075,674.9525935
19076,648.6061325
19077,605.405194
19078,607.6015282
19079,593.2394125
19080,552.6590937
19081,441.0508704
19082,373.2648833
19083,308.4154379
19084,259.5942061
19085,232.3796349
19086,249.8712088
19087,289.7846037
19088,333.705052
19089,431.2198398
19090,612.0675892
19091,678.5571766
19092,685.7463019
19093,606.4891423
19094,648.4846335
19095,640.2937449
19096,623.9512525
19097,638.4866424
19098,654.2005774
19099,694.1728995
19100,667.0761829
19101,622.6450317
19102,624.9039098
19103,610.132811
19104,536.5536736
19105,428.1979025
19106,362.3873137
19107,299.4276907
19108,252.0291921
19109,225.6076996
19110,242.5895394
19111,281.3397905
19112,323.9803227
19113,418.6533648
19114,594.2309051
19115,658.7828735
19116,665.7624955
19117,588.8150235
19118,629.5866952
19119,621.6345029
19120,605.7682584
19121,619.8800624
19122,635.1360668
19123,673.9435279
19124,647.6364553
19125,604.500103
19126,606.6931536
19127,592.3525095
19128,523.8677987
19129,418.0739107
19130,353.8192984
19131,292.3482457
19132,246.0704019
19133,220.2735994
19134,236.8539333
19135,274.6880023
19136,316.3203736
19137,408.7550369
19138,580.1813528
19139,643.2071026
19140,650.0217037
19141,574.8935203
19142,614.7012169
19143,606.9370404
19144,591.4459255
19145,605.2240805
19146,620.1193833
19147,658.0093098
19148,632.324222
19149,590.2077534
19150,592.3489532
19151,578.3473686
19152,408.6649667
19153,326.1360237
19154,276.0115284
19155,228.0584651
19156,191.9574993
19157,171.8336256
19158,184.7678079
19159,214.2818544
19160,246.7589252
19161,318.8664468
19162,452.5947077
19163,501.7605775
19164,507.0765918
19165,448.469713
19166,479.5233702
19167,473.4665998
19168,461.3821083
19169,472.1303339
19170,483.7500373
19171,513.3076577
19172,493.2709317
19173,460.4162205
19174,462.0865529
19175,451.1640317
19176,403.0657809
19177,321.6675805
19178,272.2298491
19179,224.9337987
19180,189.3274581
19181,169.4793049
19182,182.2362738
19183,211.3459435
19184,243.3780407
19185,314.4976053
19186,446.3936333
19187,494.8858735
19188,500.1290522
19189,442.3251559
19190,472.9533418
19191,466.9795562
19192,455.0606364
19193,465.6615988
19194,477.1220986
19195,506.2747452
19196,486.5125457
19197,454.1079823
19198,455.7554292
19199,444.9825593
19200,552.0805538
19201,440.5891653
19202,372.8741386
19203,308.0925795
19204,259.3224552
19205,232.136373
19206,249.6096362
19207,289.4812486
19208,333.3557197
19209,430.7684261
19210,611.4268587
19211,677.8468429
19212,685.0284424
19213,605.8542515
19214,647.8057806
19215,639.6234665
19216,623.2980819
19217,637.8182557
19218,653.5157409
19219,693.4462188
19220,666.3778678
19221,621.9932284
19222,624.2497419
19223,609.4941059
19224,545.8576829
19225,435.6229888
19226,368.6712236
19227,304.619861
19228,256.3994575
19229,229.519808
19230,246.7961183
19231,286.2183109
19232,329.5982433
19233,425.9129457
19234,604.5350557
19235,670.2063756
19236,677.3070264
19237,599.0252611
19238,640.5039263
19239,632.4138406
19240,616.2724703
19241,630.6289775
19242,646.1495258
19243,685.6299205
19244,658.866675
19245,614.9823248
19246,617.2134036
19247,602.6240882
19248,561.1597506
19249,447.8348394
19250,379.0062106
19251,313.1592915
19252,263.587122
19253,235.9539533
19254,253.7145717
19255,294.2418894
19256,338.8378946
19257,437.852594
19258,621.4820305
19259,688.9943192
19260,696.2940231
19261,615.8177794
19262,658.4592191
19263,650.1423433
19264,633.5484809
19265,648.3074451
19266,664.263082
19267,704.8502334
19268,677.336732
19269,632.2221686
19270,634.5157914
19271,619.5174927
19272,545.0543255
19273,434.9818675
19274,368.1286376
19275,304.1715415
19276,256.0221057
19277,229.1820158
19278,246.4329
19279,285.7970737
19280,329.1131624
19281,425.2861151
19282,603.6453408
19283,669.22001
19284,676.3102106
19285,598.1436552
19286,639.5612749
19287,631.4830955
19288,615.3654811
19289,629.7008593
19290,645.1985655
19291,684.6208555
19292,657.8969985
19293,614.0772343
19294,616.3050296
19295,601.7371858
19296,532.3684552
19297,424.8578793
19298,359.5606253
19299,297.092099
19300,250.0633176
19301,223.8479176
19302,240.6972959
19303,279.1452879
19304,321.453216
19305,415.3877907
19306,589.5957935
19307,653.6442447
19308,660.5694243
19309,584.2221569
19310,624.6758019
19311,616.7856382
19312,601.0431533
19313,615.0448827
19314,630.1818874
19315,668.6866431
19316,642.5847706
19317,599.7848898
19318,601.9608343
19319,587.7320498
19320,417.1656191
19321,332.919989
19322,281.7528526
19323,232.8023162
19324,195.9504131
19325,175.407942
19326,188.6111686
19327,218.7391377
19328,251.8917651
19329,325.4991974
19330,462.0091439
19331,512.1977145
19332,517.6243073
19333,457.7983451
19334,489.4979504
19335,483.3151929
19336,470.9793316
19337,481.9511313
19338,493.8125365
19339,523.9849858
19340,503.5314753
19341,469.9933523
19342,471.6984293
19343,460.5487084
19344,411.566437
19345,328.4515488
19346,277.9711758
19347,229.6776518
19348,193.3203736
19349,173.0536229
19350,186.0796363
19351,215.8032288
19352,248.5108828
19353,321.1303588
19354,455.8080737
19355,505.323015
19356,510.6767723
19357,451.6537921
19358,482.9279263
19359,476.8281537
19360,464.6578638
19361,475.4824005
19362,487.1846022
19363,516.9520781
19364,496.7730938
19365,463.6851183
19366,465.3673098
19367,454.3672401
19368,560.5812065
19369,447.3731309
19370,378.615463
19371,312.8364307
19372,263.3153691
19373,235.7106896
19374,253.4529972
19375,293.9385321
19376,338.4885598
19377,437.4011771
19378,620.8412954
19379,688.2839803
19380,695.5761584
19381,615.182884
19382,657.7803612
19383,649.47206
19384,632.8953055
19385,647.6390535
19386,663.5782405
19387,704.1235474
19388,676.6384118
19389,631.5703606
19390,633.8616187
19391,618.878783
19392,554.3583387
19393,442.4069568
19394,374.4125501
19395,309.3637139
19396,260.3923729
19397,233.0941259
19398,250.6394806
19399,290.675596
19400,334.7310853
19401,432.545699
19402,613.9494957
19403,680.6435168
19404,687.8547462
19405,608.3538969
19406,650.4785105
19407,642.2624376
19408,625.8696974
19409,640.4497788
19410,656.212029
19411,696.3072529
19412,669.1272227
19413,624.5594604
19414,626.8252838
19415,612.0087687
19416,569.6604036
19417,454.6188052
19418,384.7475352
19419,317.9031429
19420,267.5800361
19421,239.52827
19422,257.5579327
19423,298.6991731
19424,343.9707349
19425,444.4853452
19426,630.8964674
19427,699.431457
19428,706.8417395
19429,625.1464122
19430,668.4338
19431,659.9909372
19432,643.1457049
19433,658.1282432
19434,674.3255819
19435,715.5275624
19436,687.5972764
19437,641.7993011
19438,644.1276685
19439,628.9021701
19440,553.554981
19441,441.7658354
19442,373.8699639
19443,308.9153943
19444,260.0150209
19445,232.7563336
19446,250.2762622
19447,290.2543587
19448,334.2460041
19449,431.9188682
19450,613.0597806
19451,679.6571509
19452,686.8579301
19453,607.4722907
19454,649.5358587
19455,641.3316923
19456,624.9627079
19457,639.5216604
19458,655.2610684
19459,695.2981876
19460,668.1575459
19461,623.6543696
19462,625.9169095
19463,611.121866
19464,540.8691084
19465,431.6418453
19466,365.3019501
19467,301.8359506
19468,254.0562318
19469,227.4222344
19470,244.5406571
19471,283.6025717
19472,326.5860564
19473,422.0205421
19474,599.0102307
19475,664.0813827
19476,671.1171409
19477,593.5507899
19478,634.6503831
19479,626.6342323
19480,610.6403775
19481,624.8656811
19482,640.2443876
19483,679.3639723
19484,652.8453153
19485,609.3620226
19486,611.5727116
19487,597.1167275
19488,425.6662744
19489,339.7039567
19490,287.4941787
19491,237.5461689
19492,199.9433282
19493,178.9822597
19494,192.4545307
19495,223.1964226
19496,257.0246068
19497,332.1319504
19498,471.4235834
19499,522.6348551
19500,528.1720265
19501,467.1269804
19502,499.472534
19503,493.1637894
19504,480.5765581
19505,491.7719321
19506,503.8750392
19507,534.6623177
19508,513.7920225
19509,479.5704874
19510,481.310309
19511,469.9333884
19512,420.0670905
19513,335.235515
19514,283.7125007
19515,234.4215034
19516,197.3132879
19517,176.6279398
19518,189.9229975
19519,220.2605127
19520,253.6437233
19521,327.7631103
19522,465.2225111
19523,515.7601533
19524,521.2244892
19525,460.9824253
19526,492.9025078
19527,486.676748
19528,474.2550882
19529,485.3031991
19530,497.2471027
19531,527.6294075
19532,507.0336387
19533,473.2622512
19534,474.9791874
19535,463.751918
19536,569.0818617
19537,454.1570984
19538,384.3567891
19539,317.5802833
19540,267.3082842
19541,239.2850073
19542,257.2963592
19543,298.3958169
19544,343.6214013
19545,444.0339298
19546,630.2557347
19547,698.7211207
19548,706.1238774
19549,624.5115191
19550,667.7549446
19551,659.3206563
19552,642.4925319
19553,657.4598541
19554,673.6407429
19555,714.800879
19556,686.8989588
19557,641.1474955
19558,643.4734983
19559,628.2634627
19560,562.8589922
19561,449.1909231
19562,380.1538751
19563,314.1075656
19564,264.3852872
19565,236.6684428
19566,254.4828419
19567,295.13288
19568,339.8639259
19569,439.1784506
19570,623.3639333
19571,691.0806553
19572,698.4024633
19573,617.6825304
19574,660.4530921
19575,652.1110321
19576,635.466922
19577,650.2705776
19578,666.2745296
19579,706.9845826
19580,679.3877678
19581,634.1365935
19582,636.4371616
19583,621.3934467
19584,578.1610586
19585,461.4027726
19586,390.4888611
19587,322.6469954
19588,271.5729511
19589,243.1025876
19590,261.4012947
19591,303.1564578
19592,349.1035764
19593,451.1180978
19594,640.3109066
19595,709.8685972
19596,717.3894583
19597,634.4750472
19598,678.4083832
19599,669.8395333
19600,652.7429311
19601,667.9490436
19602,684.3880842
19603,726.2048938
19604,697.8578232
19605,651.3764358
19606,653.7395479
19607,638.2868497
19608,562.0556347
19609,448.5498018
19610,379.611289
19611,313.6592461
19612,264.0079353
19613,236.3306507
19614,254.1196236
19615,294.7116427
19616,339.3788448
19617,438.5516199
19618,622.4742183
19619,690.0942895
19620,697.4056473
19621,616.8009243
19622,659.5104405
19623,651.1802869
19624,634.5599327
19625,649.3424593
19626,665.3235692
19627,705.9755175
19628,678.4180911
19629,633.2315029
19630,635.5287874
19631,620.5065442
19632,549.3697633
19633,438.4258126
19634,371.0432759
19635,306.579803
19636,258.0491467
19637,230.9965519
19638,248.384019
19639,288.0598563
19640,331.7188978
19641,428.6532946
19642,608.4246698
19643,674.5185228
19644,681.6648596
19645,602.8794248
19646,644.6249662
19647,636.4828283
19648,620.2376036
19649,634.6864814
19650,650.3068898
19651,690.0413036
19652,663.1058619
19653,618.9391572
19654,621.1845909
19655,606.501407
19656,434.1669282
19657,346.4879232
19658,293.2355039
19659,242.2900207
19660,203.9362427
19661,182.5565768
19662,196.2978922
19663,227.6537067
19664,262.1574475
19665,338.7647021
19666,480.8380213
19667,533.0719938
19668,538.7197439
19669,476.4556141
19670,509.4471159
19671,503.0123842
19672,490.173783
19673,501.5927312
19674,513.9375401
19675,545.3396477
19676,524.0525679
19677,489.1476208
19678,490.922187
19679,479.3180667
19680,428.5677452
19681,342.0194822
19682,289.4538265
19683,239.1653558
19684,201.3062028
19685,180.2022573
19686,193.7663594
19687,224.7177973
19688,258.7765647
19689,334.3958628
19690,474.63695
19691,526.1972933
19692,531.7722078
19693,470.3110601
19694,502.8770907
19695,496.5253439
19696,483.8523142
19697,495.1239992
19698,507.3096047
19699,538.3067387
19700,517.2941852
19701,482.8393857
19702,484.5910665
19703,473.1365973
19704,577.5825156
19705,460.941065
19706,390.0981143
19707,322.3241352
19708,271.3011987
19709,242.8593244
19710,261.1397207
19711,302.8531011
19712,348.7542421
19713,450.6666817
19714,639.6701726
19715,709.1582596
19716,716.6715948
19717,633.8401529
19718,677.7295266
19719,669.1692512
19720,652.0897568
19721,667.2806533
19722,683.703244
19723,725.4782091
19724,697.1595042
19725,650.724629
19726,653.0853764
19727,637.6481411
19728,571.3596469
19729,455.9748903
19730,385.8952008
19731,318.851418
19732,268.3782021
19733,240.2427603
19734,258.3262037
19735,299.5901646
19736,344.9967672
19737,445.8112031
19738,632.7783721
19739,701.5177951
19740,708.9501818
19741,627.011165
19742,670.427675
19743,661.9596279
19744,645.0641479
19745,660.0913777
19746,676.3370316
19747,717.6619137
19748,689.6483142
19749,643.7137279
19750,646.0490406
19751,630.778126
19752,586.6617126
19753,468.1867392
19754,396.2301864
19755,327.3908473
19756,275.5658656
19757,246.6769047
19758,265.2446562
19759,307.613742
19760,354.2364172
19761,457.7508497
19762,649.7253446
19763,720.3057362
19764,727.9371759
19765,643.803681
19766,688.3829653
19767,679.6881283
19768,662.3401561
19769,677.7698429
19770,694.4505854
19771,736.882224
19772,708.1183687
19773,660.9535694
19774,663.3514261
19775,647.6715282
19776,570.5562894
19777,455.3337689
19778,385.3526147
19779,318.4030984
19780,268.0008502
19781,239.9049681
19782,257.9629854
19783,299.1689272
19784,344.5116861
19785,445.1843723
19786,631.8886571
19787,700.5314293
19788,707.9533657
19789,626.1295589
19790,669.4850233
19791,661.0288827
19792,644.1571584
19793,659.1632593
19794,675.3860711
19795,716.6528485
19796,688.6786374
19797,642.8086372
19798,645.1406664
19799,629.8912234
19800,557.8704173
19801,445.2097793
19802,376.7846012
19803,311.323655
19804,262.0420612
19805,234.5708691
19806,252.2273805
19807,292.5171406
19808,336.8517387
19809,435.2860466
19810,617.8391079
19811,684.9556618
19812,692.2125773
19813,612.2080587
19814,654.5995483
19815,646.3314234
19816,629.8348287
19817,644.5072807
19818,660.3693909
19819,700.7186339
19820,673.3664075
19821,628.5162908
19822,630.7964692
19823,615.8860855
19824,442.6675828
19825,353.2718903
19826,298.9768295
19827,247.033873
19828,207.9291575
19829,186.1308942
19830,200.1412539
19831,232.1109912
19832,267.2902887
19833,345.3974545
19834,490.25246
19835,543.5091335
19836,549.2674622
19837,485.7842487
19838,519.4216986
19839,512.8609799
19840,499.7710087
19841,511.4135312
19842,524.0000419
19843,556.0169786
19844,534.3131141
19845,498.724755
19846,500.5340659
19847,488.7027458
19848,437.0683993
19849,348.8034489
19850,295.1951518
19851,243.9092078
19852,205.2991173
19853,183.7765744
19854,197.6097209
19855,229.1750816
19856,263.9094056
19857,341.0286148
19858,484.0513882
19859,536.6344324
19860,542.3199255
19861,479.6396941
19862,512.8516729
19863,506.373939
19864,493.4495393
19865,504.9447986
19866,517.372106
19867,548.984069
19868,527.5547309
19869,492.4165194
19870,494.2029448
19871,482.5212759
19872,586.0831701
19873,467.725032
19874,395.8394399
19875,327.0679875
19876,275.2941134
19877,246.4336417
19878,264.9830824
19879,307.3103856
19880,353.8870833
19881,457.299434
19882,649.0846112
19883,719.5953992
19884,727.2193131
19885,643.1687874
19886,687.7041093
19887,679.0178468
19888,661.6869825
19889,677.1014531
19890,693.7657457
19891,736.15554
19892,707.4200505
19893,660.3017632
19894,662.6972552
19895,647.0328202
19896,579.8603011
19897,462.758857
19898,391.6365262
19899,323.59527
19900,272.3711167
19901,243.8170775
19902,262.1695653
19903,304.0474489
19904,350.1296081
19905,452.4439551
19906,642.1928103
19907,711.9549343
19908,719.4978995
19909,636.339799
19910,680.4022572
19911,671.8082231
19912,654.6613731
19913,669.9121772
19914,686.3995329
19915,728.339244
19916,699.90886
19917,653.2908617
19918,655.660919
19919,640.1628047
19920,595.1623671
19921,474.9707062
19922,401.971512
19923,332.1346996
19924,279.5587803
19925,250.2512221
19926,269.0880179
19927,312.0710265
19928,359.3692584
19929,464.383602
19930,659.1397832
19931,730.7428758
19932,738.4848941
19933,653.1323155
19934,698.3575479
19935,689.5367238
19936,671.9373817
19937,687.5906427
19938,704.5130871
19939,747.5595548
19940,718.3789149
19941,670.5307035
19942,672.9633049
19943,657.0562072
19944,579.0569435
19945,462.1177356
19946,391.0939401
19947,323.1469505
19948,271.9937648
19949,243.4792853
19950,261.806347
19951,303.6262115
19952,349.6445271
19953,451.8171243
19954,641.3030953
19955,710.9685685
19956,718.5010835
19957,635.458193
19958,679.4596056
19959,670.8774779
19960,653.7543837
19961,668.9840588
19962,685.4485724
19963,727.3301789
19964,698.9391832
19965,652.385771
19966,654.7525448
19967,639.275902
19968,566.3710718
19969,451.9937463
19970,382.5259268
19971,316.0675072
19972,266.034976
19973,238.1451864
19974,256.0707423
19975,296.974425
19976,341.9845798
19977,441.9187988
19978,627.2535464
19979,695.3928014
19980,702.7602954
19981,621.5366931
19982,664.574131
19983,656.1800189
19984,639.4320543
19985,654.3280805
19986,670.4318926
19987,711.3959647
19988,683.6269537
19989,638.0934249
19990,640.4083479
19991,625.2707645
19992,451.168237
19993,360.055857
19994,304.7181549
19995,251.7777251
19996,211.9220721
19997,189.7052114
19998,203.9846155
19999,236.5682755
20000,272.4231297
20001,352.0302065
20002,499.6668982
20003,553.9462728
20004,559.81518
20005,495.1128828
20006,529.3962809
20007,522.7095751
20008,509.368234
20009,521.2343307
20010,534.0625433
20011,566.694309
20012,544.57366
20013,508.3018888
20014,510.1459444
20015,498.0874246
20016,445.5690538
20017,355.5874159
20018,300.9364774
20019,248.6530601
20020,209.2920321
20021,187.3508918
20022,201.4530826
20023,233.632366
20024,269.0422467
20025,347.661367
20026,493.4658267
20027,547.0715719
20028,552.8676436
20029,488.9683284
20030,522.8262555
20031,516.2225345
20032,503.0467649
20033,514.7655984
20034,527.4346076
20035,559.6613998
20036,537.815277
20037,501.9936535
20038,503.8148236
20039,491.9059549
20040,594.5838243
20041,474.5089988
20042,401.5807653
20043,331.8118395
20044,279.2870281
20045,250.007959
20046,268.826444
20047,311.7676699
20048,359.0199243
20049,463.9321861
20050,658.4990495
20051,730.0325385
20052,737.7670309
20053,652.4974215
20054,697.6786916
20055,688.866442
20056,671.2842078
20057,686.9222527
20058,703.8282471
20059,746.8328705
20060,717.6805963
20061,669.878897
20062,672.3091337
20063,656.417499
20064,588.3609555
20065,469.5428239
20066,397.3778518
20067,328.3391222
20068,276.3640314
20069,247.3913948
20070,266.012927
20071,308.5047333
20072,355.2624493
20073,459.0767073
20074,651.6072488
20075,722.3920738
20076,730.0456176
20077,645.6684334
20078,690.3768398
20079,681.6568185
20080,664.2585986
20081,679.7329769
20082,696.4620345
20083,739.0165748
20084,710.1694061
20085,662.8679957
20086,665.2727978
20087,649.5474836
20088,603.6630213
20089,481.7546731
20090,407.7128375
20091,336.8785517
20092,283.551695
20093,253.8255393
20094,272.9313795
20095,316.5283108
20096,364.5020994
20097,471.0163541
20098,668.5542215
20099,741.1800151
20100,749.0326119
20101,662.4609496
20102,708.3321303
20103,699.3853191
20104,681.5346071
20105,697.4114423
20106,714.5755885
20107,758.2368853
20108,728.6394608
20109,680.1078374
20110,682.5751834
20111,666.440886
20112,587.5575979
20113,468.9017026
20114,396.8352656
20115,327.8908027
20116,275.9866795
20117,247.0536026
20118,265.6497087
20119,308.083496
20120,354.7773682
20121,458.4498765
20122,650.7175338
20123,721.405708
20124,729.0488015
20125,644.7868273
20126,689.4341881
20127,680.7260733
20128,663.3516092
20129,678.8048585
20130,695.511074
20131,738.0075096
20132,709.1997293
20133,661.9629051
20134,664.3644235
20135,648.660581
20136,574.871726
20137,458.7777131
20138,388.2672523
20139,320.8113593
20140,270.0278906
20141,241.7195036
20142,259.9141039
20143,301.4317093
20144,347.1174209
20145,448.5515509
20146,636.6679847
20147,705.8299407
20148,713.3080133
20149,630.8653273
20150,674.5487133
20151,666.0286142
20152,649.0292797
20153,664.1488801
20154,680.494394
20155,722.0732952
20156,693.8874995
20157,647.6705588
20158,650.0202265
20159,634.6554433
20160,459.6688914
20161,366.839824
20162,310.4594805
20163,256.5215773
20164,215.9149868
20165,193.2795287
20166,207.8279772
20167,241.0255599
20168,277.5559708
20169,358.6629587
20170,509.0813367
20171,564.3834122
20172,570.3628981
20173,504.4415171
20174,539.3708635
20175,532.5581705
20176,518.9654595
20177,531.0551304
20178,544.1250448
20179,577.3716397
20180,554.834206
20181,517.8790229
20182,519.7578231
20183,507.4721035
20184,454.069708
20185,362.3713827
20186,306.6778029
20187,253.3969122
20188,213.2849467
20189,190.925209
20190,205.2964443
20191,238.0896504
20192,274.1750878
20193,354.2941191
20194,502.880265
20195,557.5087112
20196,563.4153615
20197,498.2969626
20198,532.8008379
20199,526.0711298
20200,512.6439903
20201,524.586398
20202,537.4971091
20203,570.3387303
20204,548.0758229
20205,511.5707874
20206,513.4267021
20207,501.2906337
20208,603.0844787
20209,481.2929658
20210,407.3220909
20211,336.5556917
20212,283.2799428
20213,253.5822763
20214,272.6698057
20215,316.2249543
20216,364.1527654
20217,470.5649383
20218,667.913488
20219,740.4696779
20220,748.314749
20221,661.8260558
20222,707.6532742
20223,698.7150375
20224,680.8814333
20225,696.7430524
20226,713.8907487
20227,757.5102011
20228,727.9411423
20229,679.4560311
20230,681.9210124
20231,665.8021779
20232,596.8616098
20233,476.3267908
20234,403.1191772
20235,333.0829743
20236,280.3569461
20237,250.965712
20238,269.8562887
20239,312.9620177
20240,360.3952903
20241,465.7094594
20242,661.0216872
20243,732.8292131
20244,740.5933356
20245,654.9970676
20246,700.3514222
20247,691.5054138
20248,673.855824
20249,689.5537765
20250,706.524536
20251,749.6939053
20252,720.429952
20253,672.4451296
20254,674.8846763
20255,658.9321624
20256,612.1636757
20257,488.53864
20258,413.454163
20259,341.6224038
20260,287.5446097
20261,257.3998566
20262,276.7747412
20263,320.9855952
20264,369.6349405
20265,477.6491063
20266,677.96866
20267,751.6171545
20268,759.58033
20269,671.7895839
20270,718.3067128
20271,709.2339145
20272,691.1318326
20273,707.232242
20274,724.63809
20275,768.914216
20276,738.9000068
20277,689.6849714
20278,692.1870621
20279,675.8255649
20280,596.0582522
20281,475.6856694
20282,402.5765911
20283,332.6346548
20284,279.9795942
20285,250.6279198
20286,269.4930703
20287,312.5407803
20288,359.9102092
20289,465.0826287
20290,660.1319721
20291,731.8428473
20292,739.5965195
20293,654.1154615
20294,699.4087705
20295,690.5746686
20296,672.9488346
20297,688.6256581
20298,705.5735755
20299,748.6848401
20300,719.4602752
20301,671.540039
20302,673.9763021
20303,658.0452598
20304,583.3723804
20305,465.56168
20306,394.0085778
20307,325.5552115
20308,274.0208053
20309,245.2938209
20310,263.7574656
20311,305.8889937
20312,352.2502619
20313,455.1843031
20314,646.0824232
20315,716.2670801
20316,723.8557314
20317,640.1939616
20318,684.5232958
20319,675.8772096
20320,658.6265051
20321,673.9696798
20322,690.5568956
20323,732.7506258
20324,704.1480456
20325,657.2476928
20326,659.6321051
20327,644.0401222
20328,468.1695457
20329,373.6237908
20330,316.2008059
20331,261.2654294
20332,219.9079015
20333,196.853846
20334,211.6713389
20335,245.4828443
20336,282.6888119
20337,365.2957109
20338,518.4957751
20339,574.8205516
20340,580.9106161
20341,513.7701513
20342,549.3454459
20343,542.4067659
20344,528.5626849
20345,540.87593
20346,554.1875463
20347,588.0489703
20348,565.0947519
20349,527.4561568
20350,529.3697017
20351,516.8567823
20352,462.5703624
20353,369.1553496
20354,312.4191284
20355,258.1407643
20356,217.2778614
20357,194.4995263
20358,209.1398059
20359,242.5469347
20360,279.3079289
20361,360.9268713
20362,512.2947035
20363,567.9458506
20364,573.9630795
20365,507.6255969
20366,542.7754204
20367,535.9197252
20368,522.2412157
20369,534.4071977
20370,547.5596106
20371,581.016061
20372,558.3363689
20373,521.1479214
20374,523.0385808
20375,510.6753126
20376,611.585133
20377,488.0769326
20378,413.0634163
20379,341.2995438
20380,287.2728575
20381,257.1565935
20382,276.5131674
20383,320.6822387
20384,369.2856065
20385,477.1976904
20386,677.3279264
20387,750.9068173
20388,758.8624669
20389,671.15469
20390,717.6278566
20391,708.5636328
20392,690.4786587
20393,706.563852
20394,723.9532502
20395,768.1875317
20396,738.2016883
20397,689.033165
20398,691.532891
20399,675.1868567
20400,605.3622641
20401,483.1107577
20402,408.8605027
20403,337.8268265
20404,284.3498608
20405,254.5400293
20406,273.6996503
20407,317.419302
20408,365.5281314
20409,472.3422116
20410,670.4361256
20411,743.2663525
20412,751.1410536
20413,664.3257019
20414,710.3260047
20415,701.3540092
20416,683.4530495
20417,699.3745762
20418,716.5870375
20419,760.3712359
20420,730.690498
20421,682.0222636
20422,684.496555
20423,668.3168413
20424,620.66433
20425,495.3226068
20426,419.1954885
20427,346.366256
20428,291.5375244
20429,260.9741739
20430,280.6181029
20431,325.4428796
20432,374.7677816
20433,484.2818584
20434,687.3830983
20435,762.0542939
20436,770.1280479
20437,681.1182181
20438,728.2812952
20439,719.0825099
20440,700.729058
20441,717.0530416
20442,734.7005915
20443,779.5915466
20444,749.1605527
20445,699.2621054
20446,701.7989407
20447,685.2102438
20448,604.5589066
20449,482.4696363
20450,408.3179166
20451,337.3785069
20452,283.9725089
20453,254.2022371
20454,273.336432
20455,316.9980647
20456,365.0430503
20457,471.7153808
20458,669.5464106
20459,742.2799867
20460,750.1442375
20461,663.4440958
20462,709.383353
20463,700.423264
20464,682.5460601
20465,698.4464578
20466,715.636077
20467,759.3621708
20468,729.7208212
20469,681.117173
20470,683.5881807
20471,667.4299387
20472,591.8730347
20473,472.3456469
20474,399.7499033
20475,330.2990636
20476,278.01372
20477,248.8681382
20478,267.6008272
20479,310.3462781
20480,357.383103
20481,461.8170553
20482,655.4968616
20483,726.7042195
20484,734.4034493
20485,649.5225958
20486,694.4978783
20487,685.7258049
20488,668.2237306
20489,683.7904794
20490,700.6193971
20491,743.4279564
20492,714.4085915
20493,666.8248268
20494,669.2439837
20495,653.4248011
20496,476.6702
20497,380.4077577
20498,321.9421315
20499,266.0092815
20500,223.9008161
20501,200.4281632
20502,215.5147005
20503,249.9401287
20504,287.821653
20505,371.928463
20506,527.9102135
20507,585.257691
20508,591.4583341
20509,523.0987856
20510,559.3200284
20511,552.2553613
20512,538.1599104
20513,550.6967297
20514,564.2500478
20515,598.7263009
20516,575.3552979
20517,537.0332908
20518,538.9815803
20519,526.2414612
20520,471.0710167
20521,375.9393165
20522,318.1604539
20523,262.8846164
20524,221.2707761
20525,198.0738436
20526,212.9831676
20527,247.0042191
20528,284.4407699
20529,367.5596234
20530,521.7091419
20531,578.38299
20532,584.5107975
20533,516.9542311
20534,552.7500029
20535,545.7683205
20536,531.8384412
20537,544.2279973
20538,557.6221121
20539,591.6933916
20540,568.5969149
20541,530.7250554
20542,532.6504594
20543,520.0599915
20544,620.0857873
20545,494.8608995
20546,418.8047418
20547,346.043396
20548,291.2657721
20549,260.7309108
20550,280.356529
20551,325.139523
20552,374.4184476
20553,483.8304426
20554,686.7423648
20555,761.3439567
20556,769.410185
20557,680.4833243
20558,727.6024391
20559,718.4122282
20560,700.0758842
20561,716.3846517
20562,734.0157517
20563,778.8648623
20564,748.4622343
20565,698.610299
20566,701.1447696
20567,684.5715356
20568,613.8629184
20569,489.8947246
20570,414.6018282
20571,342.5706786
20572,288.3427754
20573,258.1143466
20574,277.543012
20575,321.8765864
20576,370.6609725
20577,478.9749637
20578,679.850564
20579,753.7034919
20580,761.6887715
20581,673.6543361
20582,720.3005871
20583,711.2026046
20584,693.0502749
20585,709.1953758
20586,726.649539
20587,771.0485665
20588,740.9510439
20589,691.5993976
20590,694.1084335
20591,677.7015202
20592,629.1649843
20593,502.1065737
20594,424.936814
20595,351.1101081
20596,295.530439
20597,264.5484912
20598,284.4614645
20599,329.900164
20600,379.9006227
20601,490.9146106
20602,696.7975368
20603,772.4914333
20604,780.6757659
20605,690.4468524
20606,738.2558777
20607,728.9311052
20608,710.3262834
20609,726.8738413
20610,744.763093
20611,790.2688772
20612,759.4210987
20613,708.8392394
20614,711.4108193
20615,694.5949226
20616,613.0595609
20617,489.2536032
20618,414.0592421
20619,342.1223591
20620,287.9654235
20621,257.7765544
20622,277.1797936
20623,321.4553491
20624,370.1758914
20625,478.348133
20626,678.960849
20627,752.7171261
20628,760.6919555
20629,672.77273
20630,719.3579355
20631,710.2718594
20632,692.1432855
20633,708.2672575
20634,725.6985785
20635,770.0395014
20636,739.9813672
20637,690.6943069
20638,693.2000593
20639,676.8146176
20640,600.373689
20641,479.1296138
20642,405.4912288
20643,335.0429158
20644,282.0066347
20645,252.4424555
20646,271.4441889
20647,314.8035625
20648,362.5159441
20649,468.4498074
20650,664.9113
20651,737.1413589
20652,744.9511673
20653,658.85123
20654,704.4724607
20655,695.5744003
20656,677.820956
20657,693.6112791
20658,710.6818986
20659,754.105287
20660,724.6691375
20661,676.4019608
20662,678.8558623
20663,662.80948
20664,485.1708543
20665,387.1917246
20666,327.6834569
20667,270.7531337
20668,227.8937308
20669,204.0024805
20670,219.3580622
20671,254.3974131
20672,292.954494
20673,378.5612152
20674,537.3246519
20675,595.6948304
20676,602.006052
20677,532.4274198
20678,569.2946108
20679,562.1039566
20680,547.7571358
20681,560.5175293
20682,574.3125493
20683,609.4036315
20684,585.6158439
20685,546.6104248
20686,548.5934589
20687,535.6261401
20688,479.571671
20689,382.7232834
20690,323.9017794
20691,267.6284686
20692,225.2636908
20693,201.6481609
20694,216.8265292
20695,251.4615035
20696,289.573611
20697,374.1923756
20698,531.1235803
20699,588.8201294
20700,595.0585155
20701,526.2828654
20702,562.7245853
20703,555.6169159
20704,541.4356666
20705,554.048797
20706,567.6846136
20707,602.3707222
20708,578.8574609
20709,540.3021893
20710,542.262338
20711,529.4446703
20712,628.5864416
20713,501.6448664
20714,424.5460673
20715,350.7872481
20716,295.2586868
20717,264.3052281
20718,284.1998907
20719,329.5968074
20720,379.5512886
20721,490.4631947
20722,696.1568032
20723,771.7810961
20724,779.9579029
20725,689.8119585
20726,737.5770215
20727,728.2608235
20728,709.6731096
20729,726.2054513
20730,744.0782532
20731,789.5421929
20732,758.7227802
20733,708.1874329
20734,710.7566482
20735,693.9562145
20736,622.3635727
20737,496.6786914
20738,420.3431537
20739,347.3145308
20740,292.3356901
20741,261.6886639
20742,281.3863736
20743,326.3338708
20744,375.7938135
20745,485.6077159
20746,689.2650024
20747,764.1406313
20748,772.2364895
20749,682.9829703
20750,730.2751696
20751,721.0512
20752,702.6475003
20753,719.0161755
20754,736.7120405
20755,781.7258972
20756,751.2115899
20757,701.1765316
20758,703.7203122
20759,687.086199
20760,637.6656387
20761,508.8905406
20762,430.6781394
20763,355.8539602
20764,299.5233537
20765,268.1228084
20766,288.3048262
20767,334.3574484
20768,385.0334637
20769,497.5473627
20770,706.2119752
20771,782.9285726
20772,791.2234839
20773,699.7754866
20774,748.2304602
20775,738.7797006
20776,719.9235088
20777,736.6946409
20778,754.8255945
20779,800.9462078
20780,769.6816447
20781,718.4163733
20782,721.0226979
20783,703.9796015
20784,621.5602152
20785,496.0375701
20786,419.8005676
20787,346.8662112
20788,291.9583382
20789,261.3508717
20790,281.0231553
20791,325.9126334
20792,375.3087324
20793,484.9808851
20794,688.3752874
20795,763.1542655
20796,771.2396735
20797,682.1013642
20798,729.3325179
20799,720.1204547
20800,701.7405109
20801,718.0880571
20802,735.76108
20803,780.716832
20804,750.2419131
20805,700.2714409
20806,702.8119379
20807,686.1992964
20808,608.8743433
20809,485.9135806
20810,411.2325542
20811,339.7867679
20812,285.9995494
20813,256.0167728
20814,275.2875505
20815,319.2608469
20816,367.6487851
20817,475.0825596
20818,674.3257384
20819,747.5784983
20820,755.4988853
20821,668.1798643
20822,714.4470432
20823,705.4229957
20824,687.4181814
20825,703.4320787
20826,720.7444001
20827,764.7826176
20828,734.9296834
20829,685.9790947
20830,688.4677409
20831,672.1941588
20832,493.6715086
20833,393.9756915
20834,333.4247824
20835,275.4969858
20836,231.8866455
20837,207.5767978
20838,223.2014238
20839,258.8546974
20840,298.0873351
20841,385.1939673
20842,546.7390903
20843,606.1319698
20844,612.55377
20845,541.756054
20846,579.2691933
20847,571.952552
20848,557.3543612
20849,570.338329
20850,584.3750509
20851,620.0809621
20852,595.8763898
20853,556.1875587
20854,558.2053375
20855,545.0108189
20856,488.0723253
20857,389.5072502
20858,329.6431049
20859,272.3723207
20860,229.2566055
20861,205.2224781
20862,220.6698909
20863,255.9187879
20864,294.7064521
20865,380.8251277
20866,540.5380187
20867,599.2572688
20868,605.6062335
20869,535.6114996
20870,572.6991678
20871,565.4655113
20872,551.032892
20873,563.8695966
20874,577.7471151
20875,613.0480528
20876,589.1180068
20877,549.8793233
20878,551.8742166
20879,538.8293492
20880,637.087096
20881,508.4288333
20882,430.2873928
20883,355.5311003
20884,299.2516015
20885,267.8795454
20886,288.0432523
20887,334.0540918
20888,384.6841297
20889,497.0959469
20890,705.5712416
20891,782.2182355
20892,790.5056209
20893,699.1405928
20894,747.551604
20895,738.1094189
20896,719.270335
20897,736.026251
20898,754.1407547
20899,800.2195235
20900,768.9833262
20901,717.7645669
20902,720.3685268
20903,703.3408933
20904,630.8642271
20905,503.4626583
20906,426.0844792
20907,352.0583829
20908,296.3286048
20909,265.2629812
20910,285.2297353
20911,330.7911552
20912,380.9266546
20913,492.240468
20914,698.6794408
20915,774.5777707
20916,782.7842075
20917,692.3116046
20918,740.2497521
20919,730.8997953
20920,712.2447258
20921,728.8369751
20922,746.774542
20923,792.4032278
20924,761.4721359
20925,710.7536655
20926,713.3321908
20927,696.4708779
20928,646.166293
20929,515.6745075
20930,436.4194649
20931,360.5978124
20932,303.5162684
20933,271.6971257
20934,292.1481878
20935,338.8147327
20936,390.1663048
20937,504.1801149
20938,715.6264136
20939,793.365712
20940,801.7712019
20941,709.1041209
20942,758.2050426
20943,748.628296
20944,729.5207343
20945,746.5154406
20946,764.8880961
20947,811.6235384
20948,779.9421906
20949,727.9935073
20950,730.6345765
20951,713.3642804
20952,630.0608695
20953,502.821537
20954,425.5418931
20955,351.6100634
20956,295.9512529
20957,264.925189
20958,284.866517
20959,330.3699178
20960,380.4415735
20961,491.6136373
20962,697.7897258
20963,773.5914049
20964,781.7873914
20965,691.4299985
20966,739.3071004
20967,729.9690501
20968,711.3377364
20969,727.9088568
20970,745.8235815
20971,791.3941626
20972,760.5024591
20973,709.8485749
20974,712.4238166
20975,695.5839753
20976,617.3749976
20977,492.6975475
20978,416.9738797
20979,344.53062
20980,289.9924641
20981,259.59109
20982,279.1309122
20983,323.7181312
20984,372.7816262
20985,481.7153117
20986,683.7401768
20987,758.0156377
20988,766.0466033
20989,677.5084985
20990,724.4216257
20991,715.271591
20992,697.0154069
20993,713.2528784
20994,730.8069016
20995,775.4599483
20996,745.1902294
20997,695.5562287
20998,698.0796195
20999,681.5788377
21000,502.172163
21001,400.7596583
21002,339.1661079
21003,280.240838
21004,235.8795602
21005,211.1511151
21006,227.0447855
21007,263.3119818
21008,303.2201762
21009,391.8267195
21010,556.1535287
21011,616.5691092
21012,623.101488
21013,551.0846883
21014,589.2437757
21015,581.8011474
21016,566.9515867
21017,580.1591286
21018,594.4375524
21019,630.7582928
21020,606.1369358
21021,565.7646927
21022,567.8172161
21023,554.3954978
21024,496.5729796
21025,396.2912171
21026,335.3844303
21027,277.1161729
21028,233.2495202
21029,208.7967954
21030,224.5132526
21031,260.3760722
21032,299.8392931
21033,387.4578799
21034,549.9524571
21035,609.6944082
21036,616.1539515
21037,544.9401339
21038,582.6737502
21039,575.3141066
21040,560.6301175
21041,573.6903963
21042,587.8096166
21043,623.7253834
21044,599.3785528
21045,559.4564573
21046,561.4860952
21047,548.2140281
21048,645.5877503
21049,515.2128001
21050,436.0287183
21051,360.2749524
21052,303.2445162
21053,271.4538627
21054,291.886614
21055,338.5113762
21056,389.8169708
21057,503.728699
21058,714.98568
21059,792.6553749
21060,801.0533389
21061,708.469227
21062,757.5261864
21063,747.9580143
21064,728.8675605
21065,745.8470506
21066,764.2032562
21067,810.8968542
21068,779.2438722
21069,727.3417009
21070,729.9804054
21071,712.7255722
21072,639.3648814
21073,510.2466252
21074,431.8258047
21075,356.802235
21076,300.3215195
21077,268.8372984
21078,289.073097
21079,335.2484395
21080,386.0594957
21081,498.8732202
21082,708.0938792
21083,785.0149101
21084,793.3319255
21085,701.6402388
21086,750.2243345
21087,740.7483907
21088,721.8419512
21089,738.6577748
21090,756.8370435
21091,803.0805584
21092,771.7326818
21093,720.3307995
21094,722.9440694
21095,705.8555568
21096,654.6669473
21097,522.4584744
21098,442.1607904
21099,365.3416645
21100,307.5091831
21101,275.271443
21102,295.9915495
21103,343.2720171
21104,395.2991458
21105,510.8128671
21106,725.040852
21107,803.8028514
21108,812.3189199
21109,718.4327551
21110,768.1796251
21111,758.4768913
21112,739.1179597
21113,756.3362402
21114,774.9505976
21115,822.300869
21116,790.2027366
21117,737.5706413
21118,740.2464551
21119,722.7489592
21120,638.5615238
21121,509.6055038
21122,431.2832186
21123,356.3539155
21124,299.9441676
21125,268.4995062
21126,288.7098786
21127,334.8272022
21128,385.5744146
21129,498.2463894
21130,707.2041642
21131,784.0285443
21132,792.3351094
21133,700.7586327
21134,749.2816828
21135,739.8176455
21136,720.9349618
21137,737.7296564
21138,755.886083
21139,802.0714932
21140,770.7630051
21141,719.4257088
21142,722.0356952
21143,704.9686542
21144,625.875652
21145,499.4815144
21146,422.7152052
21147,349.2744722
21148,293.9853787
21149,263.1654073
21150,282.9742738
21151,328.1754156
21152,377.9144673
21153,488.3480639
21154,693.1546152
21155,768.452777
21156,776.5943213
21157,686.8371328
21158,734.3962081
21159,725.1201864
21160,706.6126323
21161,723.073678
21162,740.8694031
21163,786.1372789
21164,755.4507754
21165,705.1333627
21166,707.6914981
21167,690.9635165
21168,510.6728173
21169,407.5436252
21170,344.9074334
21171,284.9846901
21172,239.8724749
21173,214.7254324
21174,230.8881472
21175,267.7692662
21176,308.3530172
21177,398.4594716
21178,565.5679671
21179,627.0062485
21180,633.649206
21181,560.4133225
21182,599.2183582
21183,591.6497427
21184,576.5488121
21185,589.9799283
21186,604.5000539
21187,641.4356234
21188,616.3974818
21189,575.3418267
21190,577.4290947
21191,563.7801766
21192,505.073634
21193,403.075184
21194,341.1257558
21195,281.860025
21196,237.2424348
21197,212.3711127
21198,228.3566142
21199,264.8333566
21200,304.9721342
21201,394.090632
21202,559.3668955
21203,620.1315476
21204,626.7016695
21205,554.2687681
21206,592.6483327
21207,585.162702
21208,570.2273429
21209,583.5111959
21210,597.8721181
21211,634.402714
21212,609.6390988
21213,569.0335912
21214,571.0979738
21215,557.5987069
21216,654.0884046
21217,521.996767
21218,441.7700438
21219,365.0188045
21220,307.2374309
21221,275.0281799
21222,295.7299756
21223,342.9686605
21224,394.9498118
21225,510.3614512
21226,724.4001184
21227,803.0925142
21228,811.6010569
21229,717.7978613
21230,767.5007689
21231,757.8066096
21232,738.4647859
21233,755.6678503
21234,774.2657577
21235,821.5741848
21236,789.5044181
21237,736.9188348
21238,739.592284
21239,722.110251
21240,647.8655357
21241,517.0305921
21242,437.5671302
21243,361.5460872
21244,304.3144342
21245,272.4116157
21246,292.9164586
21247,339.7057239
21248,391.1923367
21249,505.5059723
21250,717.5083176
21251,795.4520495
21252,803.8796435
21253,710.9688731
21254,760.198917
21255,750.5969861
21256,731.4391766
21257,748.4785744
21258,766.899545
21259,813.757889
21260,781.9932278
21261,729.9079335
21262,732.555948
21263,715.2402356
21264,663.1676016
21265,529.2424412
21266,447.9021159
21267,370.0855167
21268,311.5020978
21269,278.8457603
21270,299.8349112
21271,347.7293015
21272,400.4319869
21273,517.4456192
21274,734.4552904
21275,814.2399908
21276,822.8666379
21277,727.7613894
21278,778.1542075
21279,768.3254867
21280,748.7151851
21281,766.1570399
21282,785.0130991
21283,832.9781996
21284,800.4632826
21285,747.1477752
21286,749.8583337
21287,732.1336381
21288,647.0621781
21289,516.3894707
21290,437.024544
21291,361.0977676
21292,303.9370823
21293,272.0738235
21294,292.5532403
21295,339.2844866
21296,390.7072556
21297,504.8791416
21298,716.6186026
21299,794.4656837
21300,802.8828274
21301,710.087267
21302,759.2562653
21303,749.6662408
21304,730.5321872
21305,747.5504561
21306,765.9485845
21307,812.7488238
21308,781.023551
21309,729.0028428
21310,731.6475738
21311,714.353333
21312,634.3763063
21313,506.2654813
21314,428.4565307
21315,354.0183243
21316,297.9782934
21317,266.7397246
21318,286.8176355
21319,332.6327
21320,383.0473083
21321,494.980816
21322,702.5690536
21323,778.8899164
21324,787.1420393
21325,696.165767
21326,744.3707906
21327,734.9687818
21328,716.2098577
21329,732.8944777
21330,750.9319046
21331,796.8146095
21332,765.7113214
21333,714.7104966
21334,717.3033767
21335,700.3481954
21336,519.1734716
21337,414.3275921
21338,350.6487589
21339,289.7285422
21340,243.8653896
21341,218.2997496
21342,234.7315088
21343,272.2265506
21344,313.4858583
21345,405.0922238
21346,574.9824055
21347,637.4433879
21348,644.196924
21349,569.7419568
21350,609.1929406
21351,601.4983381
21352,586.1460375
21353,599.8007279
21354,614.5625554
21355,652.112954
21356,626.6580278
21357,584.9189606
21358,587.0409733
21359,573.1648555
21360,513.5742883
21361,409.8591509
21362,346.8670813
21363,286.6038772
21364,241.2353495
21365,215.94543
21366,232.1999759
21367,269.290641
21368,310.1049753
21369,400.7233842
21370,568.7813339
21371,630.568687
21372,637.2493875
21373,563.5974023
21374,602.6229152
21375,595.0112974
21376,579.8245683
21377,593.3319956
21378,607.9346197
21379,645.0800446
21380,619.8996447
21381,578.6107252
21382,580.7098524
21383,566.9833858
21384,662.5890589
21385,528.7807339
21386,447.5113693
21387,369.7626567
21388,311.2303456
21389,278.6024972
21390,299.5733373
21391,347.4259449
21392,400.0826529
21393,516.9942033
21394,733.8145568
21395,813.5296536
21396,822.1487749
21397,727.1264955
21398,777.4753513
21399,767.655205
21400,748.0620113
21401,765.4886499
21402,784.3282592
21403,832.2515154
21404,799.7649641
21405,746.4959688
21406,749.2041626
21407,731.4949299
21408,656.36619
21409,523.814559
21410,443.3084557
21411,366.2899393
21412,308.3073489
21413,275.985933
21414,296.7598203
21415,344.1630083
21416,396.3251778
21417,512.1387245
21418,726.922756
21419,805.8891888
21420,814.4273615
21421,720.2975073
21422,770.1734994
21423,760.4455814
21424,741.0364021
21425,758.2993741
21426,776.9620465
21427,824.4352196
21428,792.2537738
21429,739.4850674
21430,742.1678266
21431,724.6249145
21432,671.6682559
21433,536.0264081
21434,453.6434414
21435,374.8293688
21436,315.4950125
21437,282.4200775
21438,303.6782728
21439,352.1865859
21440,405.564828
21441,524.0783714
21442,743.8697288
21443,824.6771302
21444,833.4143559
21445,737.0900236
21446,788.12879
21447,778.1740821
21448,758.3124106
21449,775.9778395
21450,795.0756006
21451,843.6555302
21452,810.7238285
21453,756.7249092
21454,759.4702123
21455,741.518317
21456,655.5628325
21457,523.1734376
21458,442.7658695
21459,365.8416198
21460,307.9299969
21461,275.6481408
21462,296.3966019
21463,343.7417709
21464,395.8400967
21465,511.5118938
21466,726.033041
21467,804.902823
21468,813.4305454
21469,719.4159012
21470,769.2308478
21471,759.5148362
21472,740.1294127
21473,757.3712557
21474,776.011086
21475,823.4261544
21476,791.284097
21477,738.5799768
21478,741.2594524
21479,723.7380119
21480,642.8769606
21481,513.0494482
21482,434.1978562
21483,358.7621765
21484,301.9712081
21485,270.3140419
21486,290.6609972
21487,337.0899844
21488,388.1801494
21489,501.6135682
21490,711.983492
21491,789.3270558
21492,797.6897573
21493,705.4944013
21494,754.345373
21495,744.8173771
21496,725.8070832
21497,742.7152773
21498,760.9944061
21499,807.4919401
21500,775.9718673
21501,724.2876306
21502,726.9152554
21503,709.7328743
21504,527.6741259
21505,421.111559
21506,356.3900844
21507,294.4723944
21508,247.8583042
21509,221.8740669
21510,238.5748705
21511,276.6838349
21512,318.6186994
21513,411.7249759
21514,584.3968439
21515,647.8805273
21516,654.744642
21517,579.070591
21518,619.1675231
21519,611.3469334
21520,595.743263
21521,609.6215276
21522,624.6250569
21523,662.7902846
21524,636.9185737
21525,594.4960946
21526,596.6528519
21527,582.5495344
21528,522.0749426
21529,416.6431178
21530,352.6084068
21531,291.3477293
21532,245.2282642
21533,219.5197472
21534,236.0433375
21535,273.7479254
21536,315.2378163
21537,407.3561364
21538,578.1957723
21539,641.0058263
21540,647.7971054
21541,572.9260366
21542,612.5974976
21543,604.8598927
21544,589.4217938
21545,603.1527952
21546,617.9971212
21547,655.7573752
21548,630.1601907
21549,588.1878592
21550,590.321731
21551,576.3680647
21552,671.0897132
21553,535.5647008
21554,453.2526948
21555,374.5065088
21556,315.2232602
21557,282.1768145
21558,303.416699
21559,351.8832293
21560,405.215494
21561,523.6269555
21562,743.2289952
21563,823.966793
21564,832.6964929
21565,736.4551297
21566,787.4499338
21567,777.5038004
21568,757.6592368
21569,775.3094496
21570,794.3907607
21571,842.928846
21572,810.0255101
21573,756.0731028
21574,758.8160413
21575,740.8796088
21576,664.8668443
21577,530.5985258
21578,449.0497812
21579,371.0337915
21580,312.3002635
21581,279.5602503
21582,300.6031819
21583,348.6202927
21584,401.4580189
21585,518.7714767
21586,736.3371944
21587,816.3263282
21588,824.9750795
21589,729.6261416
21590,780.1480819
21591,770.2941768
21592,750.6336275
21593,768.1201737
21594,787.0245481
21595,835.1125502
21596,802.5143198
21597,749.0622014
21598,751.7797052
21599,734.0095934
21600,680.1689103
21601,542.810375
21602,459.3847669
21603,379.5732209
21604,319.4879271
21605,285.9943948
21606,307.5216345
21607,356.6438702
21608,410.697669
21609,530.7111235
21610,753.2841672
21611,835.1142696
21612,843.9620739
21613,746.4186579
21614,798.1033725
21615,788.0226774
21616,767.909636
21617,785.7986392
21618,805.1381021
21619,854.3328609
21620,820.9843745
21621,766.3020432
21622,769.0820909
21623,750.9029958
21624,664.0634868
21625,529.9574045
21626,448.507195
21627,370.5854719
21628,311.9229116
21629,279.2224581
21630,300.2399636
21631,348.1990553
21632,400.9729378
21633,518.1446459
21634,735.4474794
21635,815.3399624
21636,823.9782634
21637,728.7445355
21638,779.2054302
21639,769.3634316
21640,749.7266381
21641,767.1920554
21642,786.0735875
21643,834.103485
21644,801.544643
21645,748.1571107
21646,750.871331
21647,733.1226907
21648,651.3776149
21649,519.833415
21650,439.9391817
21651,363.5060286
21652,305.9641228
21653,273.8883592
21654,294.5043588
21655,341.5472687
21656,393.3129905
21657,508.2463203
21658,721.3979304
21659,799.7641952
21660,808.2374752
21661,714.8230355
21662,764.3199555
21663,754.6659725
21664,735.4043086
21665,752.536077
21666,771.0569077
21667,818.1692707
21668,786.2324133
21669,733.8647646
21670,736.527134
21671,719.1175531
21672,536.1747802
21673,427.8955259
21674,362.1314099
21675,299.2162465
21676,251.8512189
21677,225.4483842
21678,242.4182321
21679,281.1411193
21680,323.7515404
21681,418.3577281
21682,593.8112823
21683,658.3176667
21684,665.29236
21685,588.3992253
21686,629.1421056
21687,621.1955288
21688,605.3404884
21689,619.4423272
21690,634.6875584
21691,673.4676152
21692,647.1791197
21693,604.0732286
21694,606.2647305
21695,591.9342132
21696,530.5755969
21697,423.4270846
21698,358.3497323
21699,296.0915814
21700,249.2211789
21701,223.0940645
21702,239.8866992
21703,278.2052097
21704,320.3706574
21705,413.9888885
21706,587.6102107
21707,651.4429657
21708,658.3448234
21709,582.2546708
21710,622.5720801
21711,614.7084881
21712,599.0190192
21713,612.9735949
21714,628.0596227
21715,666.4347058
21716,640.4207367
21717,597.7649931
21718,599.9336096
21719,585.7527435
21720,679.5903676
21721,542.3486677
21722,458.9940203
21723,379.250361
21724,319.2161749
21725,285.7511318
21726,307.2600606
21727,356.3405137
21728,410.348335
21729,530.2597076
21730,752.6434336
21731,834.4039324
21732,843.2442109
21733,745.783764
21734,797.4245163
21735,787.3523957
21736,767.2564622
21737,785.1302492
21738,804.4532622
21739,853.6061766
21740,820.286056
21741,765.6502367
21742,768.4279199
21743,750.2642876
21744,673.3674987
21745,537.3824927
21746,454.7911067
21747,375.7776436
21748,316.2931782
21749,283.1345676
21750,304.4465436
21751,353.077577
21752,406.5908599
21753,525.4042288
21754,745.7516329
21755,826.7634676
21756,835.5227975
21757,738.9547758
21758,790.1226644
21759,780.1427722
21760,760.230853
21761,777.9409734
21762,797.0870496
21763,845.7898808
21764,812.7748657
21765,758.6393354
21766,761.3915838
21767,743.3942722
21768,688.6695646
21769,549.5943419
21770,465.1260924
21771,384.3170731
21772,323.4808418
21773,289.5687121
21774,311.3649961
21775,361.1011546
21776,415.8305101
21777,537.3438757
21778,762.6986056
21779,845.551409
21780,854.5097919
21781,755.7472921
21782,808.0779549
21783,797.8712728
21784,777.5068614
21785,795.6194388
21786,815.2006036
21787,865.0101915
21788,831.2449205
21789,775.8791771
21790,778.6939696
21791,760.2876747
21792,672.5641411
21793,536.7413714
21794,454.2485205
21795,375.3293241
21796,315.9158263
21797,282.7967754
21798,304.0833252
21799,352.6563397
21800,406.1057788
21801,524.7773981
21802,744.8619178
21803,825.7771018
21804,834.5259814
21805,738.0731697
21806,789.1800127
21807,779.2120269
21808,759.3238635
21809,777.012855
21810,796.1360891
21811,844.7808156
21812,811.8051889
21813,757.7342447
21814,760.4832096
21815,742.5073696
21816,659.8782692
21817,526.6173819
21818,445.6805072
21819,368.2498807
21820,309.9570375
21821,277.4626764
21822,298.3477205
21823,346.0045531
21824,398.4458315
21825,514.8790725
21826,730.8123688
21827,810.2013346
21828,818.7851932
21829,724.1516698
21830,774.294538
21831,764.5145679
21832,745.001534
21833,762.3568766
21834,781.1194092
21835,828.8466013
21836,796.4929593
21837,743.4418985
21838,746.1390126
21839,728.502232
21840,544.6754346
21841,434.6794927
21842,367.8727354
21843,303.9600987
21844,255.8441336
21845,229.0227015
21846,246.2615938
21847,285.5984037
21848,328.8843815
21849,424.9904803
21850,603.2257207
21851,668.7548061
21852,675.840078
21853,597.7278595
21854,639.116688
21855,631.0441242
21856,614.9377138
21857,629.2631269
21858,644.7500599
21859,684.1449458
21860,657.4396657
21861,613.6503625
21862,615.8766091
21863,601.3188921
21864,539.0762512
21865,430.2110515
21866,364.0910578
21867,300.8354336
21868,253.2140936
21869,226.6683818
21870,243.7300609
21871,282.6624941
21872,325.5034985
21873,420.6216407
21874,597.0246491
21875,661.8801051
21876,668.8925414
21877,591.5833051
21878,632.5466625
21879,624.5570835
21880,608.6162446
21881,622.7943945
21882,638.1221242
21883,677.1120364
21884,650.6812827
21885,607.3421271
21886,609.5454882
21887,595.1374224
21888,688.0910219
21889,549.1326345
21890,464.7353458
21891,383.9942131
21892,323.2090896
21893,289.325449
21894,311.1034223
21895,360.797798
21896,415.4811761
21897,536.8924598
21898,762.057872
21899,844.8410718
21900,853.7919289
21901,755.1123982
21902,807.3990987
21903,797.2009911
21904,776.8536876
21905,794.9510489
21906,814.5157638
21907,864.2835072
21908,830.546602
21909,775.2273707
21910,778.0397985
21911,759.6489665
21912,681.868153
21913,544.1664596
21914,460.5324322
21915,380.5214957
21916,320.2860929
21917,286.7088848
21918,308.2899052
21919,357.5348614
21920,411.723701
21921,532.036981
21922,755.1660713
21923,837.200607
21924,846.0705154
21925,748.2834101
21926,800.0972468
21927,789.9913675
21928,769.8280784
21929,787.7617731
21930,807.1495511
21931,856.4672114
21932,823.0354117
21933,768.2164693
21934,771.0034624
21935,752.7789511
21936,697.1702189
21937,556.3783088
21938,470.8674179
21939,389.0609252
21940,327.4737565
21941,293.1430294
21942,315.2083578
21943,365.558439
21944,420.9633512
21945,543.9766278
21946,772.113044
21947,855.9885484
21948,865.0575098
21949,765.0759263
21950,818.0525374
21951,807.7198682
21952,787.1040869
21953,805.4402385
21954,825.2631051
21955,875.6875221
21956,841.5054664
21957,785.4563111
21958,788.3058482
21959,769.6723535
21960,681.0647954
21961,543.5253382
21962,459.989846
21963,380.0731762
21964,319.908741
21965,286.3710926
21966,307.9266869
21967,357.1136241
21968,411.2386199
21969,531.4101502
21970,754.2763562
21971,836.2142412
21972,845.0736994
21973,747.401804
21974,799.1545951
21975,789.0606223
21976,768.921089
21977,786.8336547
21978,806.1985906
21979,855.4581463
21980,822.0657349
21981,767.3113787
21982,770.0950882
21983,751.8920485
21984,668.3789236
21985,533.4013488
21986,451.4218327
21987,372.9937329
21988,313.9499522
21989,281.0369937
21990,302.1910821
21991,350.4618375
21992,403.5786726
21993,521.5118247
21994,740.2268072
21995,820.638474
21996,829.3329112
21997,733.480304
21998,784.2691204
21999,774.3631632
22000,754.5987595
22001,772.1776763
22002,791.1819107
22003,839.5239319
22004,806.7535052
22005,753.0190325
22006,755.7508912
22007,737.8869109
22008,553.1760889
22009,441.4634596
22010,373.6140609
22011,308.7039508
22012,259.8370483
22013,232.5970187
22014,250.1049555
22015,290.0556881
22016,334.0172226
22017,431.6232324
22018,612.6401591
22019,679.1919455
22020,686.3877959
22021,607.0564938
22022,649.0912705
22023,640.8927195
22024,624.5349393
22025,639.0839265
22026,654.8125614
22027,694.8222764
22028,667.7002116
22029,623.2274965
22030,625.4884878
22031,610.703571
22032,547.5769056
22033,436.9950184
22034,369.8323833
22035,305.5792857
22036,257.2070082
22037,230.2426991
22038,247.5734225
22039,287.1197785
22040,330.6363395
22041,427.2543928
22042,606.4390875
22043,672.3172445
22044,679.4402594
22045,600.9119393
22046,642.521245
22047,634.4056788
22048,618.2134701
22049,632.6151942
22050,648.1846257
22051,687.789367
22052,660.9418286
22053,616.9192611
22054,619.1573669
22055,604.5221013
22056,696.5916762
22057,555.9166014
22058,470.4766713
22059,388.7380652
22060,327.2020043
22061,292.8997663
22062,314.9467839
22063,365.2550824
22064,420.6140172
22065,543.5252119
22066,771.4723104
22067,855.2782112
22068,864.3396468
22069,764.4410325
22070,817.3736812
22071,807.0495865
22072,786.4509131
22073,804.7718485
22074,824.5782653
22075,874.9608378
22076,840.807148
22077,784.8045047
22078,787.6516771
22079,769.0336454
22080,690.3688073
22081,550.9504265
22082,466.2737576
22083,385.2653479
22084,324.2790076
22085,290.2832021
22086,312.1332669
22087,361.9921458
22088,416.8565421
22089,538.6697331
22090,764.5805097
22091,847.6377464
22092,856.6182334
22093,757.6120443
22094,810.0718293
22095,799.8399629
22096,779.4253038
22097,797.5825727
22098,817.2120526
22099,867.144542
22100,833.2959577
22101,777.7936033
22102,780.615341
22103,762.16363
22104,705.6708732
22105,563.1622756
22106,476.6087434
22107,393.8047774
22108,331.4666712
22109,296.7173467
22110,319.0517194
22111,370.0157234
22112,426.0961922
22113,550.60938
22114,781.5274824
22115,866.4256878
22116,875.6052278
22117,774.4045606
22118,828.0271198
22119,817.5684635
22120,796.7013123
22121,815.2610381
22122,835.3256066
22123,886.3648527
22124,851.7660124
22125,795.0334451
22126,797.9177268
22127,779.0570324
22128,689.5654498
22129,550.3093051
22130,465.7311715
22131,384.8170283
22132,323.9016557
22133,289.9454099
22134,311.7700486
22135,361.5709085
22136,416.371461
22137,538.0429024
22138,763.6907946
22139,846.6513806
22140,855.6214174
22141,756.7304382
22142,809.1291776
22143,798.9092177
22144,778.5183144
22145,796.6544543
22146,816.2610921
22147,866.1354769
22148,832.3262809
22149,776.8885126
22150,779.7069668
22151,761.2767273
22152,676.8795779
22153,540.1853157
22154,457.1631582
22155,377.737585
22156,317.9428668
22157,284.611311
22158,306.0344438
22159,354.9191219
22160,408.7115137
22161,528.1445768
22162,749.6412456
22163,831.0756134
22164,839.8806292
22165,742.8089382
22166,794.2437029
22167,784.2117586
22168,764.1959849
22169,781.9984759
22170,801.2444122
22171,850.2012625
22172,817.0140512
22173,762.5961665
22174,765.3627698
22175,747.2715897
22176,561.6767432
22177,448.2474265
22178,379.3553864
22179,313.4478029
22180,263.829963
22181,236.171336
22182,253.9483171
22183,294.5129724
22184,339.1500636
22185,438.2559846
22186,622.0545975
22187,689.6290849
22188,696.9355139
22189,616.385128
22190,659.0658529
22191,650.7413149
22192,634.1321647
22193,648.9047262
22194,664.8750629
22195,705.499607
22196,677.9607576
22197,632.8046305
22198,635.1003664
22199,620.0882498
22200,556.0775599
22201,443.7789853
22202,375.5737088
22203,310.3231379
22204,261.1999229
22205,233.8170164
22206,251.4167842
22207,291.5770629
22208,335.7691806
22209,433.887145
22210,615.8535259
22211,682.7543839
22212,689.9879774
22213,610.2405736
22214,652.4958274
22215,644.2542742
22216,627.8106955
22217,642.4359939
22218,658.2471272
22219,698.4666977
22220,671.2023746
22221,626.496395
22222,628.7692455
22223,613.9067801
22224,705.0923305
22225,562.7005683
22226,476.2179968
22227,393.4819174
22228,331.194919
22229,296.4740836
22230,318.7901456
22231,369.7123668
22232,425.7468582
22233,550.1579641
22234,780.8867488
22235,865.7153506
22236,874.8873648
22237,773.7696667
22238,827.3482636
22239,816.8981818
22240,796.0481385
22241,814.5926482
22242,834.6407668
22243,885.6381684
22244,851.0676939
22245,794.3816386
22246,797.2635557
22247,778.4183242
22248,698.8694616
22249,557.7343933
22250,472.0150831
22251,390.0092
22252,328.2719223
22253,293.8575194
22254,315.9766286
22255,366.4494302
22256,421.9893831
22257,545.3024853
22258,773.9949481
22259,858.0748858
22260,867.1659514
22261,766.9406785
22262,820.0464117
22263,809.6885583
22264,789.0225293
22265,807.4033724
22266,827.2745541
22267,877.8218726
22268,843.5565036
22269,787.3707373
22270,790.2272196
22271,771.5483088
22272,714.1715275
22273,569.9462425
22274,482.3500689
22275,398.5486295
22276,335.4595859
22277,300.2916639
22278,322.8950811
22279,374.4730077
22280,431.2290333
22281,557.2421321
22282,790.9419208
22283,876.8628271
22284,886.1529458
22285,783.7331948
22286,838.0017023
22287,827.4170589
22288,806.2985377
22289,825.0818378
22290,845.3881081
22291,897.0421833
22292,862.0265584
22293,804.610579
22294,807.5296054
22295,788.4417113
22296,698.0661041
22297,557.093272
22298,471.472497
22299,389.5608805
22300,327.8945704
22301,293.5197272
22302,315.6134102
22303,366.0281928
22304,421.504302
22305,544.6756545
22306,773.105233
22307,857.08852
22308,866.1691354
22309,766.0590724
22310,819.1037601
22311,808.757813
22312,788.1155398
22313,806.475254
22314,826.3235936
22315,876.8128075
22316,842.5868269
22317,786.4656466
22318,789.3188454
22319,770.6614062
22320,685.3802322
22321,546.9692826
22322,462.9044837
22323,382.4814372
22324,321.9357815
22325,288.1856283
22326,309.8778054
22327,359.3764062
22328,413.8443547
22329,534.777329
22330,759.055684
22331,841.5127528
22332,850.4283472
22333,752.1375725
22334,804.2182853
22335,794.060354
22336,773.7932103
22337,791.8192756
22338,811.3069137
22339,860.8785931
22340,827.2745972
22341,772.1733004
22342,774.9746484
22343,756.6562686
22344,570.1773975
22345,455.0313934
22346,385.0967119
22347,318.1916551
22348,267.8228777
22349,239.7456533
22350,257.7916788
22351,298.9702568
22352,344.2829047
22353,444.8887367
22354,631.4690359
22355,700.0662243
22356,707.4832319
22357,625.7137622
22358,669.0404354
22359,660.5899103
22360,643.7293901
22361,658.7255258
22362,674.9375644
22363,716.1769376
22364,688.2213036
22365,642.3817644
22366,644.712245
22367,629.4729287
22368,564.5782142
22369,450.5629522
22370,381.3150343
22371,315.06699
22372,265.1928376
22373,237.3913336
22374,255.2601458
22375,296.0343473
22376,340.9020217
22377,440.5198971
22378,625.2679643
22379,693.1915233
22380,700.5356954
22381,619.5692078
22382,662.4704099
22383,654.1028696
22384,637.4079209
22385,652.2567935
22386,668.3096287
22387,709.1440283
22388,681.4629206
22389,636.073529
22390,638.3811241
22391,623.291459
22392,713.5929848
22393,569.4845352
22394,481.9593222
22395,398.2257695
22396,335.1878337
22397,300.0484009
22398,322.6335073
22399,374.1696512
22400,430.8796993
22401,556.7907163
22402,790.3011872
22403,876.15249
22404,885.4350828
22405,783.098301
22406,837.3228461
22407,826.7467772
22408,805.6453639
22409,824.4134478
22410,844.7032683
22411,896.315499
22412,861.3282399
22413,803.9587726
22414,806.8754343
22415,787.8030031
22416,707.3701159
22417,564.5183602
22418,477.7564086
22419,394.7530522
22420,332.2648369
22421,297.4318367
22422,319.8199902
22423,370.9067145
22424,427.1222242
22425,551.9352374
22426,783.4093865
22427,868.5120252
22428,877.7136694
22429,776.2693128
22430,830.0209942
22431,819.5371536
22432,798.6197547
22433,817.224172
22434,837.3370556
22435,888.4992032
22436,853.8170496
22437,796.9478712
22438,799.8390983
22439,780.9329877
22440,722.6721819
22441,576.7302094
22442,488.0913944
22443,403.2924816
22444,339.4525005
22445,303.8659812
22446,326.7384428
22447,378.9302921
22448,436.3618744
22449,563.8748843
22450,800.3563592
22451,887.2999665
22452,896.7006638
22453,793.0618291
22454,847.9762848
22455,837.2656543
22456,815.8957632
22457,834.9026375
22458,855.4506096
22459,907.7195139
22460,872.2871044
22461,814.187713
22462,817.141484
22463,797.8263901
22464,706.5667584
22465,563.8772389
22466,477.2138225
22467,394.3047326
22468,331.887485
22469,297.0940445
22470,319.4567719
22471,370.4854772
22472,426.6371431
22473,551.3084067
22474,782.5196714
22475,867.5256594
22476,876.7168533
22477,775.3877067
22478,829.0783425
22479,818.6064084
22480,797.7127653
22481,816.2960536
22482,836.3860951
22483,887.4901381
22484,852.8473728
22485,796.0427806
22486,798.930724
22487,780.0460851
22488,693.8808865
22489,553.7532494
22490,468.6458092
22491,387.2252893
22492,325.9286962
22493,291.7599456
22494,313.7211671
22495,363.8336906
22496,418.9771958
22497,541.4100811
22498,768.4701224
22499,851.9498921
22500,860.9760652
22501,761.4662067
22502,814.1928678
22503,803.9089493
22504,783.3904358
22505,801.6400752
22506,821.3694152
22507,871.5559237
22508,837.5351431
22509,781.7504344
22510,784.586527
22511,766.0409474
22512,578.6780518
22513,461.8153602
22514,390.8380374
22515,322.9355072
22516,271.8157923
22517,243.3199706
22518,261.6350404
22519,303.4275412
22520,349.4157458
22521,451.5214889
22522,640.8834743
22523,710.5033637
22524,718.0309499
22525,635.0423965
22526,679.0150179
22527,670.4385056
22528,653.3266156
22529,668.5463255
22530,685.0000659
22531,726.8542682
22532,698.4818495
22533,651.9588984
22534,654.3241236
22535,638.8576076
22536,573.0788685
22537,457.346919
22538,387.0563598
22539,319.8108421
22540,269.1857523
22541,240.9656509
22542,259.1035075
22543,300.4916316
22544,346.0348627
22545,447.1526493
22546,634.6824027
22547,703.6286627
22548,711.0834134
22549,628.8978421
22550,672.4449924
22551,663.9514649
22552,647.0051464
22553,662.0775932
22554,678.3721302
22555,719.8213589
22556,691.7234665
22557,645.650663
22558,647.9930027
22559,632.6761378
22560,722.0936392
22561,576.268502
22562,487.7006477
22563,402.9696217
22564,339.1807483
22565,303.6227182
22566,326.4768689
22567,378.6269355
22568,436.0125404
22569,563.4234684
22570,799.7156256
22571,886.5896294
22572,895.9828008
22573,792.4269352
22574,847.2974286
22575,836.5953726
22576,815.2425894
22577,834.2342475
22578,854.7657698
22579,906.9928296
22580,871.5887859
22581,813.5359066
22582,816.4873129
22583,797.187682
22584,715.8707703
22585,571.3023271
22586,483.4977341
22587,399.4969043
22588,336.2577516
22589,301.006154
22590,323.6633519
22591,375.3639989
22592,432.2550653
22593,558.5679896
22594,792.8238249
22595,878.9491646
22596,888.2613874
22597,785.597947
22598,839.9955767
22599,829.385749
22600,808.2169801
22601,827.0449717
22602,847.3995571
22603,899.1765338
22604,864.0775956
22605,806.5250052
22606,809.4509769
22607,790.3176665
22608,731.1728362
22609,583.5141763
22610,493.8327199
22611,408.0363338
22612,343.4454152
22613,307.4402985
22614,330.5818044
22615,383.3875765
22616,441.4947154
22617,570.5076364
22618,809.7707976
22619,897.7371059
22620,907.2483818
22621,802.3904633
22622,857.9508672
22623,847.1142496
22624,825.4929886
22625,844.7234371
22626,865.5131112
22627,918.3968445
22628,882.5476503
22629,823.764847
22630,826.7533626
22631,807.211069
22632,715.0674127
22633,570.6612058
22634,482.955148
22635,399.0485848
22636,335.8803997
22637,300.6683617
22638,323.3001335
22639,374.9427616
22640,431.7699842
22641,557.9411588
22642,791.9341098
22643,877.9627988
22644,887.2645713
22645,784.7163409
22646,839.052925
22647,828.4550038
22648,807.3099907
22649,826.1168533
22650,846.4485966
22651,898.1674687
22652,863.1079188
22653,805.6199145
22654,808.5426026
22655,789.4307639
22656,702.3815408
22657,560.5372163
22658,474.3871347
22659,391.9691414
22660,329.9216109
22661,295.3342628
22662,317.5645288
22663,368.290975
22664,424.1100369
22665,548.0428333
22666,777.8845608
22667,862.3870315
22668,871.5237832
22669,770.794841
22670,824.1674503
22671,813.7575447
22672,792.9876612
22673,811.4608749
22674,831.4319167
22675,882.2332543
22676,847.7956891
22677,791.3275684
22678,794.1984056
22679,775.4256263
22680,587.1787062
22681,468.5993271
22682,396.5793628
22683,327.6793594
22684,275.808707
22685,246.8942879
22686,265.4784021
22687,307.8848256
22688,354.5485868
22689,458.154241
22690,650.2979128
22691,720.940503
22692,728.5786679
22693,644.3710307
22694,688.9896003
22695,680.287101
22696,662.923841
22697,678.3671251
22698,695.0625675
22699,737.5315988
22700,708.7423955
22701,661.5360324
22702,663.9360022
22703,648.2422864
22704,581.5795229
22705,464.1308859
22706,392.7976853
22707,324.5546943
22708,273.178667
22709,244.5399682
22710,262.9468691
22711,304.948916
22712,351.1677038
22713,453.7854014
22714,644.0968411
22715,714.0658021
22716,721.6311314
22717,638.2264763
22718,682.4195748
22719,673.8000603
22720,656.6023718
22721,671.8983928
22722,688.4346317
22723,730.4986895
22724,701.9840125
22725,655.2277969
22726,657.6048813
22727,642.0608167
22728,730.5942935
22729,583.0524689
22730,493.4419732
22731,407.7134738
22732,343.173663
22733,307.1970354
22734,330.3202306
22735,383.0842199
22736,441.1453814
22737,570.0562206
22738,809.130064
22739,897.0267687
22740,906.5305188
22741,801.7555695
22742,857.272011
22743,846.4439679
22744,824.8398148
22745,844.0550471
22746,864.8282713
22747,917.6701602
22748,881.8493318
22749,823.1130405
22750,826.0991915
22751,806.5723608
22752,724.3714246
22753,578.086294
22754,489.2390596
22755,404.2407564
22756,340.2506663
22757,304.5804712
22758,327.5067135
22759,379.8212833
22760,437.3879063
22761,565.2007417
22762,802.2382633
22763,889.3863039
22764,898.8091054
22765,794.9265813
22766,849.9701591
22767,839.2343444
22768,817.8142056
22769,836.8657713
22770,857.4620586
22771,909.8538645
22772,874.3381415
22773,816.1021392
22774,819.0628555
22775,799.7023454
22776,739.6734905
22777,590.2981431
22778,499.5740453
22779,412.7801859
22780,347.4383299
22781,311.0146158
22782,334.4251661
22783,387.8448609
22784,446.6275565
22785,577.1403886
22786,819.185236
22787,908.1742453
22788,917.7960998
22789,811.7190976
22790,867.9254497
22791,856.962845
22792,835.090214
22793,854.5442368
22794,875.5756127
22795,929.0741751
22796,892.8081963
22797,833.3419809
22798,836.3652412
22799,816.5957479
22800,723.568067
22801,577.4451726
22802,488.6964735
22803,403.7924369
22804,339.8733144
22805,304.242679
22806,327.1434952
22807,379.400046
22808,436.9028252
22809,564.573911
22810,801.3485482
22811,888.3999381
22812,897.8122893
22813,794.0449752
22814,849.0275074
22815,838.3035991
22816,816.9072161
22817,835.9376529
22818,856.5110981
22819,908.8447993
22820,873.3684648
22821,815.1970485
22822,818.1544813
22823,798.8154428
22824,710.8821952
22825,567.3211832
22826,480.1284601
22827,396.7129936
22828,333.9145256
22829,298.9085801
22830,321.4078904
22831,372.7482594
22832,429.2428779
22833,554.6755854
22834,787.2989992
22835,872.8241709
22836,882.0715012
22837,780.1234752
22838,834.1420327
22839,823.6061401
22840,802.5848866
22841,821.2816745
22842,841.4944182
22843,892.910585
22844,858.0562351
22845,800.9047023
22846,803.8102842
22847,784.8103052
22848,595.6793605
22849,475.383294
22850,402.3206883
22851,332.4232115
22852,279.8016217
22853,250.4686051
22854,269.3217637
22855,312.3421099
22856,359.6814279
22857,464.7869932
22858,659.7123512
22859,731.3776424
22860,739.1263859
22861,653.699665
22862,698.9641828
22863,690.1356964
22864,672.5210664
22865,688.1879248
22866,705.125069
22867,748.2089295
22868,719.0029415
22869,671.1131663
22870,673.5478808
22871,657.6269653
22872,590.0801772
22873,470.9148528
22874,398.5390108
22875,329.2985464
22876,277.1715817
22877,248.1142855
22878,266.7902308
22879,309.4062004
22880,356.3005449
22881,460.4181536
22882,653.5112795
22883,724.5029414
22884,732.1788494
22885,647.5551106
22886,692.3941573
22887,683.6486556
22888,666.1995972
22889,681.7191925
22890,698.4971332
22891,741.1760201
22892,712.2445585
22893,664.8049309
22894,667.2167599
22895,651.4454956
22896,739.0949478
22897,589.8364358
22898,499.1832987
22899,412.4573259
22900,347.1665777
22901,310.7713527
22902,334.1635922
22903,387.5415043
22904,446.2782225
22905,576.6889727
22906,818.5445024
22907,907.4639081
22908,917.0782368
22909,811.0842037
22910,867.2465935
22911,856.2925633
22912,834.4370402
22913,853.8758468
22914,874.8907728
22915,928.3474909
22916,892.1098778
22917,832.6901745
22918,835.7110701
22919,815.9570397
22920,732.8720789
22921,584.8702609
22922,494.9803851
22923,408.9846086
22924,344.243581
22925,308.1547885
22926,331.3500752
22927,384.2785677
22928,442.5207474
22929,571.8334939
22930,811.6527017
22931,899.8234433
22932,909.3568234
22933,804.2552155
22934,859.9447416
22935,849.0829397
22936,827.411431
22937,846.686571
22938,867.5245601
22939,920.5311951
22940,884.5986875
22941,825.6792731
22942,828.6747341
22943,809.0870243
22944,748.1741448
22945,597.08211
22946,505.3153708
22947,417.5240381
22948,351.4312446
22949,314.588933
22950,338.2685277
22951,392.3021452
22952,451.7603976
22953,583.7731408
22954,828.5996744
22955,918.6113847
22956,928.3438178
22957,821.0477318
22958,877.9000321
22959,866.8114404
22960,844.6874395
22961,864.3650364
22962,885.6381142
22963,939.7515057
22964,903.0687423
22965,842.9191149
22966,845.9771198
22967,825.9804267
22968,732.0687214
22969,584.2291395
22970,494.437799
22971,408.536289
22972,343.8662291
22973,307.8169963
22974,330.9868569
22975,383.8573303
22976,442.0356663
22977,571.2066631
22978,810.7629866
22979,898.8370775
22980,908.3600073
22981,803.3736094
22982,859.0020899
22983,848.1521945
22984,826.5044416
22985,845.7584526
22986,866.5735996
22987,919.5221299
22988,883.6290107
22989,824.7741825
22990,827.7663599
22991,808.2001216
22992,719.3828495
22993,574.1051501
22994,485.8697856
22995,401.4568457
22996,337.9074402
22997,302.4828974
22998,325.2512521
22999,377.2055437
23000,434.375719
23001,561.3083376
23002,796.7134376
23003,883.2613103
23004,892.6192191
23005,789.4521095
23006,844.1166152
23007,833.4547354
23008,812.1821121
23009,831.1024742
23010,851.5569197
23011,903.5879156
23012,868.316781
23013,810.4818363
23014,813.4221628
23015,794.194984
23016,604.1800148
23017,482.1672609
23018,408.0620138
23019,337.1670636
23020,283.7945364
23021,254.0429224
23022,273.1651254
23023,316.7993943
23024,364.814269
23025,471.4197453
23026,669.1267896
23027,741.8147818
23028,749.6741039
23029,663.0282992
23030,708.9387652
23031,699.9842917
23032,682.1182919
23033,698.0087244
23034,715.1875705
23035,758.8862601
23036,729.2634874
23037,680.6903003
23038,683.1597594
23039,667.0116441
23040,598.5808315
23041,477.6988197
23042,404.2803363
23043,334.0423986
23044,281.1644963
23045,251.6886027
23046,270.6335925
23047,313.8634848
23048,361.4333859
23049,467.0509057
23050,662.9257179
23051,734.9400808
23052,742.7265673
23053,656.8837448
23054,702.3687397
23055,693.497251
23056,675.7968227
23057,691.5399921
23058,708.5596347
23059,751.8533507
23060,722.5051044
23061,674.3820649
23062,676.8286385
23063,660.8301744
23064,747.5956021
23065,596.6204027
23066,504.9246242
23067,417.2011781
23068,351.1594924
23069,314.34567
23070,338.0069539
23071,391.9987887
23072,451.4110636
23073,583.3217249
23074,827.9589409
23075,917.9010475
23076,927.6259548
23077,820.412838
23078,877.2211759
23079,866.1411587
23080,844.0342657
23081,863.6966465
23082,884.9532743
23083,939.0248215
23084,902.3704238
23085,842.2673085
23086,845.3229487
23087,825.3417185
23088,741.3727332
23089,591.6542277
23090,500.7217106
23091,413.7284607
23092,348.2364957
23093,311.7291058
23094,335.1934369
23095,388.735852
23096,447.6535885
23097,578.466246
23098,821.0671401
23099,910.2605827
23100,919.9045414
23101,813.5838498
23102,869.919324
23103,858.9315351
23104,837.0086564
23105,856.5073706
23106,877.5870616
23107,931.2085257
23108,894.8592335
23109,835.2564071
23110,838.2866127
23111,818.4717031
23112,756.6747991
23113,603.8660769
23114,511.0566963
23115,422.2678902
23116,355.4241593
23117,318.1632503
23118,342.1118894
23119,396.7594296
23120,456.8932386
23121,590.4058929
23122,838.0141128
23123,929.0485241
23124,938.8915358
23125,830.3763661
23126,887.8746146
23127,876.6600357
23128,854.2846649
23129,874.1858361
23130,895.7006157
23131,950.4288363
23132,913.3292882
23133,852.4962489
23134,855.5889984
23135,835.3651056
23136,740.5693757
23137,591.0131064
23138,500.1791245
23139,413.2801412
23140,347.8591438
23141,311.3913136
23142,334.8302185
23143,388.3146147
23144,447.1685074
23145,577.8394153
23146,820.177425
23147,909.2742169
23148,918.9077253
23149,812.7022437
23150,868.9766723
23151,858.0007899
23152,836.101667
23153,855.5792522
23154,876.6361011
23155,930.1994605
23156,893.8895567
23157,834.3513164
23158,837.3782385
23159,817.5848005
23160,727.8835038
23161,580.889117
23162,491.6111111
23163,406.2006979
23164,341.9003549
23165,306.0572147
23166,329.0946137
23167,381.6628281
23168,439.5085601
23169,567.9410897
23170,806.127876
23171,893.6984497
23172,903.1669371
23173,798.7807437
23174,854.0911976
23175,843.3033308
23176,821.7793375
23177,840.9232739
23178,861.6194212
23179,914.2652462
23180,878.577327
23181,820.0589703
23182,823.0340414
23183,803.5796629
23184,612.6806691
23185,488.9512278
23186,413.8033393
23187,341.9109158
23188,287.7874511
23189,257.6172397
23190,277.0084871
23191,321.2566787
23192,369.94711
23193,478.0524975
23194,678.541228
23195,752.2519212
23196,760.2218219
23197,672.3569335
23198,718.9133477
23199,709.8328871
23200,691.7155173
23201,707.8295241
23202,725.250072
23203,769.5635907
23204,739.5240334
23205,690.2674343
23206,692.771638
23207,676.396323
23208,607.0814858
23209,484.4827866
23210,410.0216617
23211,338.7862507
23212,285.157411
23213,255.26292
23214,274.4769541
23215,318.3207691
23216,366.566227
23217,473.6836579
23218,672.3401563
23219,745.3772202
23220,753.2742853
23221,666.212379
23222,712.3433222
23223,703.3458464
23224,685.3940481
23225,701.3607918
23226,718.6221363
23227,762.5306813
23228,732.7656504
23229,683.9591988
23230,686.4405171
23231,670.2148533
23232,756.0962564
23233,603.4043696
23234,510.6659497
23235,421.9450302
23236,355.1524071
23237,317.9199873
23238,341.8503155
23239,396.456073
23240,456.5439046
23241,589.954477
23242,837.3733793
23243,928.3381869
23244,938.1736728
23245,829.7414722
23246,887.1957584
23247,875.989754
23248,853.6314911
23249,873.5174461
23250,895.0157758
23251,949.7021521
23252,912.6309697
23253,851.8444425
23254,854.9348273
23255,834.7263974
23256,749.8733875
23257,598.4381946
23258,506.4630361
23259,418.4723129
23260,352.2294104
23261,315.3034231
23262,339.0367985
23263,393.1931364
23264,452.7864295
23265,585.0989982
23266,830.4815785
23267,920.6977221
23268,930.4522594
23269,822.912484
23270,879.8939065
23271,868.7801305
23272,846.6058819
23273,866.3281703
23274,887.6495631
23275,941.8858563
23276,905.1197794
23277,844.8335411
23278,847.8984913
23279,827.856382
23280,765.1754535
23281,610.6500438
23282,516.7980218
23283,427.0117423
23284,359.417074
23285,321.7375676
23286,345.955251
23287,401.216714
23288,462.0260797
23289,597.0386451
23290,847.4285512
23291,939.4856635
23292,949.4392537
23293,839.7050003
23294,897.8491971
23295,886.5086311
23296,863.8818903
23297,884.0066357
23298,905.7631172
23299,961.1061669
23300,923.5898342
23301,862.0733828
23302,865.200877
23303,844.7497845
23304,749.07003
23305,597.7970733
23306,505.92045
23307,418.0239933
23308,351.8520584
23309,314.9656309
23310,338.6735802
23311,392.7718991
23312,452.3013484
23313,584.4721675
23314,829.5918634
23315,919.7113563
23316,929.4554433
23317,822.0308779
23318,878.9512548
23319,867.8493852
23320,845.6988924
23321,865.4000519
23322,886.6986026
23323,940.8767911
23324,904.1501027
23325,843.9284504
23326,846.9901171
23327,826.9694794
23328,736.3841581
23329,587.6730838
23330,497.3524366
23331,410.94455
23332,345.8932696
23333,309.6315319
23334,332.9379754
23335,386.1201125
23336,444.6414011
23337,574.5738419
23338,815.5423145
23339,904.1355891
23340,913.7146551
23341,808.109378
23342,864.0657801
23343,853.1519262
23344,831.3765629
23345,850.7440735
23346,871.6819228
23347,924.9425768
23348,888.837873
23349,829.6361042
23350,832.6459201
23351,812.9643418
23352,621.1813234
23353,495.7351946
23354,419.5446648
23355,346.6547679
23356,291.7803657
23357,261.191557
23358,280.8518487
23359,325.7139631
23360,375.0799511
23361,484.6852496
23362,687.9556664
23363,762.6890606
23364,770.7695399
23365,681.6855677
23366,728.8879302
23367,719.6814825
23368,701.3127427
23369,717.6503238
23370,735.3125735
23371,780.2409213
23372,749.7845794
23373,699.8445682
23374,702.3835166
23375,685.7810019
23376,615.5821401
23377,491.2667534
23378,415.7629872
23379,343.5301028
23380,289.1503257
23381,258.8372373
23382,278.3203158
23383,322.7780535
23384,371.6990681
23385,480.3164101
23386,681.7545947
23387,755.8143596
23388,763.8220033
23389,675.5410133
23390,722.3179047
23391,713.1944417
23392,694.9912735
23393,711.1815914
23394,728.6846378
23395,773.2080119
23396,743.0261964
23397,693.5363328
23398,696.0523957
23399,679.5995322
